Mes_Año de Año, Departamento, MunicipioAS,Año, Regimen, Afiliados, Departamental, Municipal, Nacional, Personas, Poblacion_DANE, IdAfiliaciónSalud
diciembre de 2022,Cauca,Almaguer,1/12/2022,Subsidiado,15578,0.885333746,0.879817068,0.991153092,15578,0,1
diciembre de 2022,Cauca,Almaguer,1/12/2022,Sisben II,0,0.885333746,0.879817068,0.991153092,4,0,2
diciembre de 2022,Cauca,Almaguer,1/12/2022,Sisben I,0,0.885333746,0.879817068,0.991153092,0,0,3
diciembre de 2022,Cauca,Almaguer,1/12/2022,Poblacion,0,0.885333746,0.879817068,0.991153092,18541.35432,18541,4
diciembre de 2022,Cauca,Almaguer,1/12/2022,PPNA,0,0.885333746,0.879817068,0.991153092,3774,0,5
diciembre de 2022,Cauca,Almaguer,1/12/2022,NOPPNA,0,0.885333746,0.879817068,0.991153092,0,0,6
diciembre de 2022,Cauca,Almaguer,1/12/2022,Excepción,258,0.885333746,0.879817068,0.991153092,258,0,7
diciembre de 2022,Cauca,Almaguer,1/12/2022,Contributivo,477,0.885333746,0.879817068,0.991153092,477,0,8
diciembre de 2021,Cauca,Almaguer,1/12/2021,Subsidiado,15543,0.875302817,0.891553636,0.990307386,15543,0,9
diciembre de 2021,Cauca,Almaguer,1/12/2021,Sisben II,0,0.875302817,0.891553636,0.990307386,2,0,10
diciembre de 2021,Cauca,Almaguer,1/12/2021,Poblacion,0,0.875302817,0.891553636,0.990307386,18394.85515,18395,11
diciembre de 2021,Cauca,Almaguer,1/12/2021,Sisben I,0,0.875302817,0.891553636,0.990307386,6,0,12
diciembre de 2021,Cauca,Almaguer,1/12/2021,PPNA,0,0.875302817,0.891553636,0.990307386,816,0,13
diciembre de 2021,Cauca,Almaguer,1/12/2021,Excepción,260,0.875302817,0.891553636,0.990307386,260,0,14
diciembre de 2021,Cauca,Almaguer,1/12/2021,Contributivo,597,0.875302817,0.891553636,0.990307386,597,0,15
diciembre de 2020,Cauca,Almaguer,1/12/2020,Subsidiado,15457,0.862884348,0.886113461,0.977813594,15457,0,16
diciembre de 2020,Cauca,Almaguer,1/12/2020,Sisben II,0,0.862884348,0.886113461,0.977813594,0,0,17
diciembre de 2020,Cauca,Almaguer,1/12/2020,Poblacion,0,0.862884348,0.886113461,0.977813594,18249.35599,18249,18
diciembre de 2020,Cauca,Almaguer,1/12/2020,Sisben I,0,0.862884348,0.886113461,0.977813594,0,0,19
diciembre de 2020,Cauca,Almaguer,1/12/2020,PPNA,0,0.862884348,0.886113461,0.977813594,0,0,20
diciembre de 2020,Cauca,Almaguer,1/12/2020,Excepción,240,0.862884348,0.886113461,0.977813594,240,0,21
diciembre de 2020,Cauca,Almaguer,1/12/2020,Contributivo,474,0.862884348,0.886113461,0.977813594,474,0,22
diciembre de 2020,Cauca,Argelia,1/12/2020,Subsidiado,25324,0.862884348,0.983075107,0.977813594,25324,0,23
diciembre de 2020,Cauca,Argelia,1/12/2020,Sisben II,0,0.862884348,0.983075107,0.977813594,0,0,24
diciembre de 2020,Cauca,Argelia,1/12/2020,Poblacion,0,0.862884348,0.983075107,0.977813594,26693.78954,26694,25
diciembre de 2020,Cauca,Argelia,1/12/2020,Sisben I,0,0.862884348,0.983075107,0.977813594,0,0,26
diciembre de 2020,Cauca,Argelia,1/12/2020,PPNA,0,0.862884348,0.983075107,0.977813594,0,0,27
diciembre de 2020,Cauca,Argelia,1/12/2020,Excepción,290,0.862884348,0.983075107,0.977813594,290,0,28
diciembre de 2020,Cauca,Argelia,1/12/2020,Contributivo,628,0.862884348,0.983075107,0.977813594,628,0,29
diciembre de 2021,Cauca,Argelia,1/12/2021,Subsidiado,26007,0.875302817,1,0.990307386,26007,0,30
diciembre de 2021,Cauca,Argelia,1/12/2021,Sisben II,0,0.875302817,1,0.990307386,9,0,31
diciembre de 2021,Cauca,Argelia,1/12/2021,Sisben I,0,0.875302817,1,0.990307386,12,0,32
diciembre de 2021,Cauca,Argelia,1/12/2021,Poblacion,0,0.875302817,1,0.990307386,26906.28923,26906,33
diciembre de 2021,Cauca,Argelia,1/12/2021,PPNA,0,0.875302817,1,0.990307386,3034,0,34
diciembre de 2021,Cauca,Argelia,1/12/2021,Excepción,336,0.875302817,1,0.990307386,336,0,35
diciembre de 2021,Cauca,Argelia,1/12/2021,Contributivo,659,0.875302817,1,0.990307386,659,0,36
diciembre de 2022,Cauca,Argelia,1/12/2022,Subsidiado,26757,0.885333746,1,0.991153092,26757,0,37
diciembre de 2022,Cauca,Argelia,1/12/2022,Sisben II,0,0.885333746,1,0.991153092,19,0,38
diciembre de 2022,Cauca,Argelia,1/12/2022,Sisben I,0,0.885333746,1,0.991153092,0,0,39
diciembre de 2022,Cauca,Argelia,1/12/2022,PPNA,0,0.885333746,1,0.991153092,3865,0,40
diciembre de 2020,Cauca,Guachené,1/12/2020,Subsidiado,7337,0.862884348,0.596422634,0.977813594,7337,0,41
diciembre de 2022,Cauca,Argelia,1/12/2022,NOPPNA,0,0.885333746,1,0.991153092,0,0,42
diciembre de 2022,Cauca,Argelia,1/12/2022,Excepción,386,0.885333746,1,0.991153092,386,0,43
diciembre de 2022,Cauca,Argelia,1/12/2022,Contributivo,597,0.885333746,1,0.991153092,597,0,44
diciembre de 2022,Cauca,Balboa,1/12/2022,Subsidiado,20754,0.885333746,0.988917714,0.991153092,20754,0,45
diciembre de 2022,Cauca,Balboa,1/12/2022,Sisben II,0,0.885333746,0.988917714,0.991153092,7,0,46
diciembre de 2022,Cauca,Balboa,1/12/2022,Sisben I,0,0.885333746,0.988917714,0.991153092,0,0,47
diciembre de 2022,Cauca,Argelia,1/12/2022,Poblacion,0,0.885333746,1,0.991153092,27120.28695,27120,48
diciembre de 2022,Cauca,Balboa,1/12/2022,PPNA,0,0.885333746,0.988917714,0.991153092,3005,0,49
diciembre de 2022,Cauca,Balboa,1/12/2022,NOPPNA,0,0.885333746,0.988917714,0.991153092,0,0,50
diciembre de 2022,Cauca,Balboa,1/12/2022,Excepción,251,0.885333746,0.988917714,0.991153092,251,0,51
diciembre de 2022,Cauca,Balboa,1/12/2022,Contributivo,619,0.885333746,0.988917714,0.991153092,619,0,52
diciembre de 2020,Cauca,Balboa,1/12/2020,Subsidiado,20117,0.862884348,0.973314684,0.977813594,20117,0,53
diciembre de 2020,Cauca,Balboa,1/12/2020,Sisben II,0,0.862884348,0.973314684,0.977813594,0,0,54
diciembre de 2022,Cauca,Balboa,1/12/2022,Poblacion,0,0.885333746,0.988917714,0.991153092,21866.32891,21866,55
diciembre de 2020,Cauca,Balboa,1/12/2020,Sisben I,0,0.862884348,0.973314684,0.977813594,0,0,56
diciembre de 2020,Cauca,Balboa,1/12/2020,PPNA,0,0.862884348,0.973314684,0.977813594,0,0,57
diciembre de 2020,Cauca,Balboa,1/12/2020,Excepción,226,0.862884348,0.973314684,0.977813594,226,0,58
diciembre de 2020,Cauca,Balboa,1/12/2020,Contributivo,605,0.862884348,0.973314684,0.977813594,605,0,59
diciembre de 2021,Cauca,Balboa,1/12/2021,Subsidiado,20337,0.875302817,0.982030395,0.990307386,20337,0,60
diciembre de 2021,Cauca,Balboa,1/12/2021,Sisben II,0,0.875302817,0.982030395,0.990307386,6,0,61
diciembre de 2021,Cauca,Balboa,1/12/2021,Sisben I,0,0.875302817,0.982030395,0.990307386,13,0,62
diciembre de 2020,Cauca,Balboa,1/12/2020,Poblacion,0,0.862884348,0.973314684,0.977813594,21522.33017,21522,63
diciembre de 2021,Cauca,Balboa,1/12/2021,PPNA,0,0.875302817,0.982030395,0.990307386,2854,0,64
diciembre de 2021,Cauca,Balboa,1/12/2021,Excepción,237,0.875302817,0.982030395,0.990307386,237,0,65
diciembre de 2021,Cauca,Balboa,1/12/2021,Contributivo,730,0.875302817,0.982030395,0.990307386,730,0,66
diciembre de 2022,Cauca,Bolívar,1/12/2022,Subsidiado,35089,0.885333746,0.989818424,0.991153092,35089,0,67
diciembre de 2022,Cauca,Bolívar,1/12/2022,Sisben II,0,0.885333746,0.989818424,0.991153092,11,0,68
diciembre de 2022,Cauca,Bolívar,1/12/2022,Sisben I,0,0.885333746,0.989818424,0.991153092,0,0,69
diciembre de 2022,Cauca,Bolívar,1/12/2022,PPNA,0,0.885333746,0.989818424,0.991153092,5354,0,70
diciembre de 2021,Cauca,Balboa,1/12/2021,Poblacion,0,0.875302817,0.982030395,0.990307386,21693.82954,21694,71
diciembre de 2022,Cauca,Bolívar,1/12/2022,NOPPNA,0,0.885333746,0.989818424,0.991153092,1,0,72
diciembre de 2022,Cauca,Bolívar,1/12/2022,Excepción,579,0.885333746,0.989818424,0.991153092,579,0,73
diciembre de 2022,Cauca,Bolívar,1/12/2022,Contributivo,1683,0.885333746,0.989818424,0.991153092,1683,0,74
diciembre de 2020,Cauca,Bolívar,1/12/2020,Subsidiado,34530,0.862884348,0.98642459,0.977813594,34530,0,75
diciembre de 2020,Cauca,Bolívar,1/12/2020,Sisben II,0,0.862884348,0.98642459,0.977813594,0,0,76
diciembre de 2020,Cauca,Bolívar,1/12/2020,Sisben I,0,0.862884348,0.98642459,0.977813594,0,0,77
diciembre de 2022,Cauca,Bolívar,1/12/2022,Poblacion,0,0.885333746,0.989818424,0.991153092,37735.20386,37735,78
diciembre de 2020,Cauca,Bolívar,1/12/2020,PPNA,0,0.862884348,0.98642459,0.977813594,0,0,79
diciembre de 2020,Cauca,Bolívar,1/12/2020,Excepción,569,0.862884348,0.98642459,0.977813594,569,0,80
diciembre de 2020,Cauca,Bolívar,1/12/2020,Contributivo,1538,0.862884348,0.98642459,0.977813594,1538,0,81
diciembre de 2021,Cauca,Bolívar,1/12/2021,Subsidiado,34685,0.875302817,0.990645523,0.990307386,34685,0,82
diciembre de 2021,Cauca,Bolívar,1/12/2021,Sisben II,0,0.875302817,0.990645523,0.990307386,10,0,83
diciembre de 2021,Cauca,Bolívar,1/12/2021,Sisben I,0,0.875302817,0.990645523,0.990307386,20,0,84
diciembre de 2021,Cauca,Bolívar,1/12/2021,Poblacion,0,0.875302817,0.990645523,0.990307386,37437.20548,37437,85
diciembre de 2020,Cauca,Bolívar,1/12/2020,Poblacion,0,0.862884348,0.98642459,0.977813594,37141.20712,37141,86
diciembre de 2021,Cauca,Bolívar,1/12/2021,PPNA,0,0.875302817,0.990645523,0.990307386,3239,0,87
diciembre de 2021,Cauca,Bolívar,1/12/2021,Excepción,589,0.875302817,0.990645523,0.990307386,589,0,88
diciembre de 2021,Cauca,Bolívar,1/12/2021,Contributivo,1813,0.875302817,0.990645523,0.990307386,1813,0,89
diciembre de 2020,Cauca,Buenos Aires,1/12/2020,Subsidiado,21915,0.862884348,0.730708354,0.977813594,21915,0,90
diciembre de 2020,Cauca,Buenos Aires,1/12/2020,Sisben II,0,0.862884348,0.730708354,0.977813594,0,0,91
diciembre de 2020,Cauca,Popayán,1/12/2020,Subsidiado,148543,0.862884348,0.95427464,0.977813594,148543,0,92
diciembre de 2020,Cauca,Buenos Aires,1/12/2020,Sisben I,0,0.862884348,0.730708354,0.977813594,0,0,93
diciembre de 2020,Cauca,Buenos Aires,1/12/2020,PPNA,0,0.862884348,0.730708354,0.977813594,0,0,94
diciembre de 2020,Cauca,Buenos Aires,1/12/2020,Excepción,198,0.862884348,0.730708354,0.977813594,198,0,95
diciembre de 2020,Cauca,Buenos Aires,1/12/2020,Contributivo,1401,0.862884348,0.730708354,0.977813594,1401,0,96
diciembre de 2020,Cauca,Buenos Aires,1/12/2020,Poblacion,0,0.862884348,0.730708354,0.977813594,32179.73336,32180,97
diciembre de 2020,Cauca,Padilla,1/12/2020,Subsidiado,5111,0.862884348,0.68890101,0.977813594,5111,0,98
diciembre de 2020,Cauca,Padilla,1/12/2020,Sisben II,0,0.862884348,0.68890101,0.977813594,0,0,99
diciembre de 2021,Cauca,Buenos Aires,1/12/2021,Poblacion,0,0.875302817,0.747921218,0.990307386,32439.24549,32439,100
diciembre de 2020,Cauca,Padilla,1/12/2020,Sisben I,0,0.862884348,0.68890101,0.977813594,0,0,101
diciembre de 2020,Cauca,Padilla,1/12/2020,PPNA,0,0.862884348,0.68890101,0.977813594,0,0,102
diciembre de 2020,Cauca,Padilla,1/12/2020,Excepción,41,0.862884348,0.68890101,0.977813594,41,0,103
diciembre de 2020,Cauca,Padilla,1/12/2020,Contributivo,1759,0.862884348,0.68890101,0.977813594,1759,0,104
diciembre de 2022,Cauca,Buenos Aires,1/12/2022,Poblacion,0,0.885333746,0.755323609,0.991153092,32697.24355,32697,105
diciembre de 2021,Cauca,Buenos Aires,1/12/2021,Subsidiado,22526,0.875302817,0.747921218,0.990307386,22526,0,106
diciembre de 2020,Cauca,Villa Rica,1/12/2020,Subsidiado,8232,0.862884348,0.635727871,0.977813594,8232,0,107
diciembre de 2021,Cauca,Buenos Aires,1/12/2021,Sisben II,0,0.875302817,0.747921218,0.990307386,28,0,108
diciembre de 2021,Cauca,Buenos Aires,1/12/2021,Sisben I,0,0.875302817,0.747921218,0.990307386,38,0,109
diciembre de 2021,Cauca,Buenos Aires,1/12/2021,PPNA,0,0.875302817,0.747921218,0.990307386,2371,0,110
diciembre de 2021,Cauca,Buenos Aires,1/12/2021,Excepción,210,0.875302817,0.747921218,0.990307386,210,0,111
diciembre de 2022,Cauca,Cajibío,1/12/2022,Subsidiado,33107,0.885333746,0.794399818,0.991153092,33107,0,112
diciembre de 2022,Cauca,Cajibío,1/12/2022,Sisben II,0,0.885333746,0.794399818,0.991153092,5,0,113
diciembre de 2022,Cauca,Cajibío,1/12/2022,Poblacion,0,0.885333746,0.794399818,0.991153092,43699.65756,43700,114
diciembre de 2022,Cauca,Cajibío,1/12/2022,Sisben I,0,0.885333746,0.794399818,0.991153092,0,0,115
diciembre de 2022,Cauca,Cajibío,1/12/2022,PPNA,0,0.885333746,0.794399818,0.991153092,6614,0,116
diciembre de 2022,Cauca,Cajibío,1/12/2022,NOPPNA,0,0.885333746,0.794399818,0.991153092,0,0,117
diciembre de 2022,Cauca,Cajibío,1/12/2022,Excepción,228,0.885333746,0.794399818,0.991153092,228,0,118
diciembre de 2022,Cauca,Cajibío,1/12/2022,Contributivo,1380,0.885333746,0.794399818,0.991153092,1380,0,119
diciembre de 2020,Cauca,Cajibío,1/12/2020,Subsidiado,32774,0.862884348,0.795974781,0.977813594,32774,0,120
diciembre de 2020,Cauca,Cajibío,1/12/2020,Poblacion,0,0.862884348,0.795974781,0.977813594,43007.64396,43008,121
diciembre de 2020,Cauca,Cajibío,1/12/2020,Sisben II,0,0.862884348,0.795974781,0.977813594,0,0,122
diciembre de 2020,Cauca,Cajibío,1/12/2020,Sisben I,0,0.862884348,0.795974781,0.977813594,0,0,123
diciembre de 2020,Cauca,Cajibío,1/12/2020,PPNA,0,0.862884348,0.795974781,0.977813594,0,0,124
diciembre de 2020,Cauca,Cajibío,1/12/2020,Excepción,215,0.862884348,0.795974781,0.977813594,215,0,125
diciembre de 2020,Cauca,Cajibío,1/12/2020,Contributivo,1244,0.862884348,0.795974781,0.977813594,1244,0,126
diciembre de 2021,Cauca,Cajibío,1/12/2021,Subsidiado,32774,0.875302817,0.796200476,0.990307386,32774,0,127
diciembre de 2020,Cauca,Miranda,1/12/2020,Subsidiado,15914,0.862884348,0.789749802,0.977813594,15914,0,128
diciembre de 2021,Cauca,Cajibío,1/12/2021,Sisben II,0,0.875302817,0.796200476,0.990307386,9,0,129
diciembre de 2021,Cauca,Cajibío,1/12/2021,Sisben I,0,0.875302817,0.796200476,0.990307386,23,0,130
diciembre de 2021,Cauca,Cajibío,1/12/2021,PPNA,0,0.875302817,0.796200476,0.990307386,4860,0,131
diciembre de 2021,Cauca,Cajibío,1/12/2021,Excepción,220,0.875302817,0.796200476,0.990307386,220,0,132
diciembre de 2021,Cauca,Cajibío,1/12/2021,Contributivo,1525,0.875302817,0.796200476,0.990307386,1525,0,133
diciembre de 2020,Cauca,Caldono,1/12/2020,Subsidiado,34753,0.862884348,0.863696647,0.977813594,34753,0,134
diciembre de 2020,Cauca,Caldono,1/12/2020,Sisben II,0,0.862884348,0.863696647,0.977813594,0,0,135
diciembre de 2021,Cauca,Cajibío,1/12/2021,Poblacion,0,0.875302817,0.796200476,0.990307386,43354.65882,43355,136
diciembre de 2020,Cauca,Caldono,1/12/2020,Sisben I,0,0.862884348,0.863696647,0.977813594,0,0,137
diciembre de 2020,Cauca,Caldono,1/12/2020,PPNA,0,0.862884348,0.863696647,0.977813594,0,0,138
diciembre de 2020,Cauca,Caldono,1/12/2020,Excepción,229,0.862884348,0.863696647,0.977813594,229,0,139
diciembre de 2020,Cauca,Caldono,1/12/2020,Contributivo,1242,0.862884348,0.863696647,0.977813594,1242,0,140
diciembre de 2021,Cauca,Caldono,1/12/2021,Subsidiado,35470,0.875302817,0.880007852,0.990307386,35470,0,141
diciembre de 2021,Cauca,Caldono,1/12/2021,Sisben II,0,0.875302817,0.880007852,0.990307386,166,0,142
diciembre de 2020,Cauca,Puerto Tejada,1/12/2020,Subsidiado,21315,0.862884348,1.00000,0.977813594,21315,0,143
diciembre de 2021,Cauca,Caldono,1/12/2021,Sisben I,0,0.875302817,0.880007852,0.990307386,31,0,144
diciembre de 2021,Cauca,Caldono,1/12/2021,PPNA,0,0.875302817,0.880007852,0.990307386,1254,0,145
diciembre de 2021,Cauca,Caldono,1/12/2021,Excepción,236,0.875302817,0.880007852,0.990307386,236,0,146
diciembre de 2021,Cauca,Caldono,1/12/2021,Contributivo,1500,0.875302817,0.880007852,0.990307386,1500,0,147
diciembre de 2020,Cauca,Caldono,1/12/2020,Poblacion,0,0.862884348,0.863696647,0.977813594,41940.6514,41941,148
diciembre de 2022,Cauca,Caldono,1/12/2022,Subsidiado,36061,0.885333746,0.885529795,0.991153092,36061,0,149
diciembre de 2022,Cauca,Caldono,1/12/2022,Sisben II,0,0.885333746,0.885529795,0.991153092,26,0,150
diciembre de 2021,Cauca,Caldono,1/12/2021,Poblacion,0,0.875302817,0.880007852,0.990307386,42279.1682,42279,151
diciembre de 2022,Cauca,Caldono,1/12/2022,Sisben I,0,0.885333746,0.885529795,0.991153092,0,0,152
diciembre de 2022,Cauca,Caldono,1/12/2022,PPNA,0,0.885333746,0.885529795,0.991153092,28647,0,153
diciembre de 2022,Cauca,Caldono,1/12/2022,NOPPNA,0,0.885333746,0.885529795,0.991153092,0,0,154
diciembre de 2022,Cauca,Caldono,1/12/2022,Excepción,247,0.885333746,0.885529795,0.991153092,247,0,155
diciembre de 2020,Cauca,Caloto,1/12/2020,Subsidiado,17948,0.862884348,0.743334857,0.977813594,17948,0,156
diciembre de 2020,Cauca,Caloto,1/12/2020,Sisben II,0,0.862884348,0.743334857,0.977813594,0,0,157
diciembre de 2022,Cauca,Caldono,1/12/2022,Poblacion,0,0.885333746,0.885529795,0.991153092,42615.16688,42615,158
diciembre de 2020,Cauca,Caloto,1/12/2020,Sisben I,0,0.862884348,0.743334857,0.977813594,0,0,159
diciembre de 2020,Cauca,Caloto,1/12/2020,PPNA,0,0.862884348,0.743334857,0.977813594,0,0,160
diciembre de 2020,Cauca,Caloto,1/12/2020,Excepción,172,0.862884348,0.743334857,0.977813594,172,0,161
diciembre de 2020,Cauca,Caloto,1/12/2020,Contributivo,4430,0.862884348,0.743334857,0.977813594,4430,0,162
diciembre de 2020,Cauca,Caloto,1/12/2020,Poblacion,0,0.862884348,0.743334857,0.977813594,30336.26068,30336,163
diciembre de 2021,Cauca,Caloto,1/12/2021,Subsidiado,18149,0.875302817,0.740603614,0.990307386,18149,0,164
diciembre de 2021,Cauca,Caloto,1/12/2021,Poblacion,0,0.875302817,0.740603614,0.990307386,30577.76059,30578,165
diciembre de 2021,Cauca,Caloto,1/12/2021,Sisben II,0,0.875302817,0.740603614,0.990307386,8,0,166
diciembre de 2021,Cauca,Caloto,1/12/2021,Sisben I,0,0.875302817,0.740603614,0.990307386,100,0,167
diciembre de 2021,Cauca,Caloto,1/12/2021,PPNA,0,0.875302817,0.740603614,0.990307386,1391,0,168
diciembre de 2021,Cauca,Caloto,1/12/2021,Excepción,179,0.875302817,0.740603614,0.990307386,179,0,169
diciembre de 2021,Cauca,Caloto,1/12/2021,Contributivo,4318,0.875302817,0.740603614,0.990307386,4318,0,170
diciembre de 2022,Cauca,Caloto,1/12/2022,Poblacion,0,0.885333746,0.74117679,0.991153092,30821.25656,30821,171
diciembre de 2020,Cauca,Corinto,1/12/2020,Poblacion,0,0.862884348,1,0.977813594,25541.29832,25541,172
diciembre de 2022,Cauca,Caloto,1/12/2022,Subsidiado,18731,0.885333746,0.74117679,0.991153092,18731,0,173
diciembre de 2022,Cauca,Caloto,1/12/2022,Sisben II,0,0.885333746,0.74117679,0.991153092,11,0,174
diciembre de 2022,Cauca,Caloto,1/12/2022,Sisben I,0,0.885333746,0.74117679,0.991153092,0,0,175
diciembre de 2022,Cauca,Caloto,1/12/2022,PPNA,0,0.885333746,0.74117679,0.991153092,11593,0,176
diciembre de 2022,Cauca,Caloto,1/12/2022,NOPPNA,0,0.885333746,0.74117679,0.991153092,0,0,177
diciembre de 2020,Cauca,Corinto,1/12/2020,Subsidiado,21969,0.862884348,1,0.977813594,21969,0,178
diciembre de 2020,Cauca,Corinto,1/12/2020,Sisben II,0,0.862884348,1,0.977813594,0,0,179
diciembre de 2021,Cauca,Corinto,1/12/2021,Poblacion,0,0.875302817,1,0.990307386,25744.79794,25745,180
diciembre de 2020,Cauca,Corinto,1/12/2020,Sisben I,0,0.862884348,1,0.977813594,0,0,181
diciembre de 2020,Cauca,Corinto,1/12/2020,PPNA,0,0.862884348,1,0.977813594,0,0,182
diciembre de 2020,Cauca,Corinto,1/12/2020,Excepción,312,0.862884348,1,0.977813594,312,0,183
diciembre de 2020,Cauca,Corinto,1/12/2020,Contributivo,4435,0.862884348,1,0.977813594,4435,0,184
diciembre de 2022,Cauca,Corinto,1/12/2022,Poblacion,0,0.885333746,1,0.991153092,25949.79559,25950,185
diciembre de 2021,Cauca,Corinto,1/12/2021,Subsidiado,22318,0.875302817,1,0.990307386,22318,0,186
diciembre de 2020,Cauca,El Tambo,1/12/2020,Poblacion,0,0.862884348,0.816292902,0.977813594,53983.07385,53983,187
diciembre de 2021,Cauca,Corinto,1/12/2021,Sisben II,0,0.875302817,1,0.990307386,18,0,188
diciembre de 2021,Cauca,Corinto,1/12/2021,Sisben I,0,0.875302817,1,0.990307386,64,0,189
diciembre de 2021,Cauca,Corinto,1/12/2021,PPNA,0,0.875302817,1,0.990307386,2304,0,190
diciembre de 2021,Cauca,Corinto,1/12/2021,Excepción,322,0.875302817,1,0.990307386,322,0,191
diciembre de 2021,Cauca,Corinto,1/12/2021,Contributivo,4501,0.875302817,1,0.990307386,4501,0,192
diciembre de 2021,Cauca,El Tambo,1/12/2021,Poblacion,0,0.875302817,0.818737067,0.990307386,54413.07326,54413,193
diciembre de 2020,Cauca,Suárez,1/12/2020,Subsidiado,17651,0.862884348,0.57641557,0.977813594,17651,0,194
diciembre de 2022,Cauca,Corinto,1/12/2022,Subsidiado,23062,0.885333746,1,0.991153092,23062,0,195
diciembre de 2022,Cauca,Corinto,1/12/2022,Sisben II,0,0.885333746,1,0.991153092,11,0,196
diciembre de 2022,Cauca,Corinto,1/12/2022,Sisben I,0,0.885333746,1,0.991153092,0,0,197
diciembre de 2022,Cauca,Corinto,1/12/2022,PPNA,0,0.885333746,1,0.991153092,11436,0,198
diciembre de 2022,Cauca,Corinto,1/12/2022,NOPPNA,0,0.885333746,1,0.991153092,0,0,199
diciembre de 2020,Cauca,El Tambo,1/12/2020,Subsidiado,41745,0.862884348,0.816292902,0.977813594,41745,0,200
diciembre de 2022,Cauca,El Tambo,1/12/2022,Poblacion,0,0.885333746,0.816977425,0.991153092,54846.06874,54846,201
diciembre de 2020,Cauca,El Tambo,1/12/2020,Sisben II,0,0.862884348,0.816292902,0.977813594,0,0,202
diciembre de 2020,Cauca,El Tambo,1/12/2020,Sisben I,0,0.862884348,0.816292902,0.977813594,0,0,203
diciembre de 2020,Cauca,El Tambo,1/12/2020,PPNA,0,0.862884348,0.816292902,0.977813594,0,0,204
diciembre de 2020,Cauca,El Tambo,1/12/2020,Excepción,451,0.862884348,0.816292902,0.977813594,451,0,205
diciembre de 2020,Cauca,El Tambo,1/12/2020,Contributivo,1870,0.862884348,0.816292902,0.977813594,1870,0,206
diciembre de 2021,Cauca,El Tambo,1/12/2021,Subsidiado,41988,0.875302817,0.818737067,0.990307386,41988,0,207
diciembre de 2020,Cauca,Florencia,1/12/2020,Poblacion,0,0.862884348,1,0.977813594,5324.456592,5324,208
diciembre de 2021,Cauca,El Tambo,1/12/2021,Sisben II,0,0.875302817,0.818737067,0.990307386,21,0,209
diciembre de 2021,Cauca,El Tambo,1/12/2021,Sisben I,0,0.875302817,0.818737067,0.990307386,55,0,210
diciembre de 2021,Cauca,El Tambo,1/12/2021,PPNA,0,0.875302817,0.818737067,0.990307386,7465,0,211
diciembre de 2021,Cauca,El Tambo,1/12/2021,Excepción,496,0.875302817,0.818737067,0.990307386,496,0,212
diciembre de 2021,Cauca,El Tambo,1/12/2021,Contributivo,2066,0.875302817,0.818737067,0.990307386,2066,0,213
diciembre de 2022,Cauca,El Tambo,1/12/2022,Subsidiado,42411,0.885333746,0.816977425,0.991153092,42411,0,214
diciembre de 2022,Cauca,El Tambo,1/12/2022,Sisben II,0,0.885333746,0.816977425,0.991153092,21,0,215
diciembre de 2021,Cauca,Florencia,1/12/2021,Poblacion,0,0.875302817,1,0.990307386,5367.45694,5367,216
diciembre de 2022,Cauca,El Tambo,1/12/2022,Sisben I,0,0.885333746,0.816977425,0.991153092,0,0,217
diciembre de 2022,Cauca,El Tambo,1/12/2022,PPNA,0,0.885333746,0.816977425,0.991153092,9549,0,218
diciembre de 2022,Cauca,El Tambo,1/12/2022,NOPPNA,0,0.885333746,0.816977425,0.991153092,0,0,219
diciembre de 2022,Cauca,El Tambo,1/12/2022,Excepción,510,0.885333746,0.816977425,0.991153092,510,0,220
diciembre de 2022,Cauca,El Tambo,1/12/2022,Contributivo,1887,0.885333746,0.816977425,0.991153092,1887,0,221
diciembre de 2020,Cauca,Florencia,1/12/2020,Subsidiado,5316,0.862884348,1,0.977813594,5316,0,222
diciembre de 2022,Cauca,Florencia,1/12/2022,Poblacion,0,0.885333746,1,0.991153092,5410.457282,5410,223
diciembre de 2020,Cauca,Florencia,1/12/2020,Sisben II,0,0.862884348,1,0.977813594,0,0,224
diciembre de 2020,Cauca,Florencia,1/12/2020,Sisben I,0,0.862884348,1,0.977813594,0,0,225
diciembre de 2020,Cauca,Florencia,1/12/2020,PPNA,0,0.862884348,1,0.977813594,0,0,226
diciembre de 2020,Cauca,Florencia,1/12/2020,Excepción,103,0.862884348,1,0.977813594,103,0,227
diciembre de 2020,Cauca,Florencia,1/12/2020,Contributivo,276,0.862884348,1,0.977813594,276,0,228
diciembre de 2021,Cauca,Florencia,1/12/2021,Subsidiado,5435,0.875302817,1,0.990307386,5435,0,229
diciembre de 2021,Cauca,Florencia,1/12/2021,Sisben II,0,0.875302817,1,0.990307386,1,0,230
diciembre de 2021,Cauca,Buenos Aires,1/12/2021,Contributivo,1526,0.875302817,0.747921218,0.990307386,1526,0,231
diciembre de 2021,Cauca,Florencia,1/12/2021,Sisben I,0,0.875302817,1,0.990307386,1,0,232
diciembre de 2021,Cauca,Florencia,1/12/2021,PPNA,0,0.875302817,1,0.990307386,523,0,233
diciembre de 2021,Cauca,Florencia,1/12/2021,Excepción,112,0.875302817,1,0.990307386,112,0,234
diciembre de 2021,Cauca,Florencia,1/12/2021,Contributivo,302,0.875302817,1,0.990307386,302,0,235
diciembre de 2022,Cauca,Florencia,1/12/2022,Subsidiado,5583,0.885333746,1,0.991153092,5583,0,236
diciembre de 2022,Cauca,Florencia,1/12/2022,Sisben II,0,0.885333746,1,0.991153092,1,0,237
diciembre de 2020,Cauca,Guachené,1/12/2020,Poblacion,0,0.862884348,0.596422634,0.977813594,20099.8408,20100,238
diciembre de 2022,Cauca,Florencia,1/12/2022,Sisben I,0,0.885333746,1,0.991153092,0,0,239
diciembre de 2022,Cauca,Florencia,1/12/2022,PPNA,0,0.885333746,1,0.991153092,624,0,240
diciembre de 2022,Cauca,Florencia,1/12/2022,NOPPNA,0,0.885333746,1,0.991153092,0,0,241
diciembre de 2022,Cauca,Florencia,1/12/2022,Excepción,107,0.885333746,1,0.991153092,107,0,242
diciembre de 2022,Cauca,Florencia,1/12/2022,Contributivo,244,0.885333746,1,0.991153092,244,0,243
diciembre de 2020,Cauca,Guachené,1/12/2020,Sisben II,0,0.862884348,0.596422634,0.977813594,0,0,244
diciembre de 2021,Cauca,Guachené,1/12/2021,Poblacion,0,0.875302817,0.604150811,0.990307386,20259.84205,20260,245
diciembre de 2020,Cauca,Guachené,1/12/2020,Sisben I,0,0.862884348,0.596422634,0.977813594,0,0,246
diciembre de 2020,Cauca,Guachené,1/12/2020,PPNA,0,0.862884348,0.596422634,0.977813594,0,0,247
diciembre de 2020,Cauca,Guachené,1/12/2020,Excepción,4,0.862884348,0.596422634,0.977813594,4,0,248
diciembre de 2020,Cauca,Guachené,1/12/2020,Contributivo,4647,0.862884348,0.596422634,0.977813594,4647,0,249
diciembre de 2022,Cauca,Guachené,1/12/2022,Poblacion,0,0.885333746,0.617506449,0.991153092,20420.83936,20421,250
diciembre de 2022,Cauca,Guapí,1/12/2022,Poblacion,0,0.885333746,0.877887328,0.991153092,28250.77799,28251,251
diciembre de 2021,Cauca,Guachené,1/12/2021,Subsidiado,7367,0.875302817,0.604150811,0.990307386,7367,0,252
diciembre de 2020,Cauca,Guapí,1/12/2020,Poblacion,0,0.862884348,0.864840591,0.977813594,27806.28044,27806,253
diciembre de 2021,Cauca,Guachené,1/12/2021,Sisben II,0,0.875302817,0.604150811,0.990307386,6,0,254
diciembre de 2021,Cauca,Guachené,1/12/2021,Sisben I,0,0.875302817,0.604150811,0.990307386,20,0,255
diciembre de 2021,Cauca,Guachené,1/12/2021,PPNA,0,0.875302817,0.604150811,0.990307386,1035,0,256
diciembre de 2021,Cauca,Guachené,1/12/2021,Excepción,3,0.875302817,0.604150811,0.990307386,3,0,257
diciembre de 2021,Cauca,Guachené,1/12/2021,Contributivo,4870,0.875302817,0.604150811,0.990307386,4870,0,258
diciembre de 2022,Cauca,Guachené,1/12/2022,Subsidiado,7812,0.885333746,0.617506449,0.991153092,7812,0,259
diciembre de 2021,Cauca,Guapí,1/12/2021,Poblacion,0,0.875302817,0.878485553,0.990307386,28027.7802,28028,260
diciembre de 2022,Cauca,Guachené,1/12/2022,Sisben II,0,0.885333746,0.617506449,0.991153092,6,0,261
diciembre de 2022,Cauca,Guachené,1/12/2022,Sisben I,0,0.885333746,0.617506449,0.991153092,0,0,262
diciembre de 2022,Cauca,Guachené,1/12/2022,PPNA,0,0.885333746,0.617506449,0.991153092,1175,0,263
diciembre de 2022,Cauca,Guachené,1/12/2022,NOPPNA,0,0.885333746,0.617506449,0.991153092,2,0,264
diciembre de 2022,Cauca,Guachené,1/12/2022,Excepción,6,0.885333746,0.617506449,0.991153092,6,0,265
diciembre de 2022,Cauca,Guapí,1/12/2022,Subsidiado,21204,0.885333746,0.877887328,0.991153092,21204,0,266
diciembre de 2021,Cauca,Inzá,1/12/2021,Poblacion,0,0.875302817,0.900089333,0.990307386,29799.26439,29799,267
diciembre de 2022,Cauca,Guapí,1/12/2022,Sisben II,0,0.885333746,0.877887328,0.991153092,7,0,268
diciembre de 2022,Cauca,Guapí,1/12/2022,Sisben I,0,0.885333746,0.877887328,0.991153092,0,0,269
diciembre de 2022,Cauca,Guapí,1/12/2022,PPNA,0,0.885333746,0.877887328,0.991153092,4416,0,270
diciembre de 2022,Cauca,Guapí,1/12/2022,NOPPNA,0,0.885333746,0.877887328,0.991153092,0,0,271
diciembre de 2022,Cauca,Guapí,1/12/2022,Excepción,815,0.885333746,0.877887328,0.991153092,815,0,272
diciembre de 2022,Cauca,Guapí,1/12/2022,Contributivo,2782,0.885333746,0.877887328,0.991153092,2782,0,273
diciembre de 2020,Cauca,Inzá,1/12/2020,Poblacion,0,0.862884348,0.892568499,0.977813594,29560.75643,29561,274
diciembre de 2020,Cauca,Guapí,1/12/2020,Subsidiado,20852,0.862884348,0.864840591,0.977813594,20852,0,275
diciembre de 2020,Cauca,Guapí,1/12/2020,Sisben II,0,0.862884348,0.864840591,0.977813594,0,0,276
diciembre de 2020,Cauca,Guapí,1/12/2020,Sisben I,0,0.862884348,0.864840591,0.977813594,0,0,277
diciembre de 2020,Cauca,Guapí,1/12/2020,PPNA,0,0.862884348,0.864840591,0.977813594,0,0,278
diciembre de 2020,Cauca,Guapí,1/12/2020,Excepción,803,0.862884348,0.864840591,0.977813594,803,0,279
diciembre de 2020,Cauca,Guapí,1/12/2020,Contributivo,2393,0.862884348,0.864840591,0.977813594,2393,0,280
diciembre de 2021,Cauca,Guapí,1/12/2021,Subsidiado,20988,0.875302817,0.878485553,0.990307386,20988,0,281
diciembre de 2022,Cauca,Inzá,1/12/2022,Poblacion,0,0.885333746,0.89979732,0.991153092,30036.76427,30037,282
diciembre de 2021,Cauca,Guapí,1/12/2021,Sisben II,0,0.875302817,0.878485553,0.990307386,58,0,283
diciembre de 2021,Cauca,Guapí,1/12/2021,Sisben I,0,0.875302817,0.878485553,0.990307386,50,0,284
diciembre de 2021,Cauca,Guapí,1/12/2021,PPNA,0,0.875302817,0.878485553,0.990307386,3603,0,285
diciembre de 2021,Cauca,Guapí,1/12/2021,Excepción,807,0.875302817,0.878485553,0.990307386,807,0,286
diciembre de 2021,Cauca,Guapí,1/12/2021,Contributivo,2827,0.875302817,0.878485553,0.990307386,2827,0,287
diciembre de 2021,Cauca,Inzá,1/12/2021,Subsidiado,24921,0.875302817,0.900089333,0.990307386,24921,0,288
diciembre de 2020,Cauca,Popayán,1/12/2020,Sisben II,0,0.862884348,0.95427464,0.977813594,0,0,289
diciembre de 2021,Cauca,Inzá,1/12/2021,Sisben II,0,0.875302817,0.900089333,0.990307386,59,0,290
diciembre de 2021,Cauca,Inzá,1/12/2021,Sisben I,0,0.875302817,0.900089333,0.990307386,49,0,291
diciembre de 2021,Cauca,Inzá,1/12/2021,PPNA,0,0.875302817,0.900089333,0.990307386,1441,0,292
diciembre de 2021,Cauca,Inzá,1/12/2021,Excepción,431,0.875302817,0.900089333,0.990307386,431,0,293
diciembre de 2021,Cauca,Inzá,1/12/2021,Contributivo,1470,0.875302817,0.900089333,0.990307386,1470,0,294
diciembre de 2020,Cauca,Inzá,1/12/2020,Subsidiado,24745,0.862884348,0.892568499,0.977813594,24745,0,295
diciembre de 2020,Cauca,Jambaló,1/12/2020,Poblacion,0,0.862884348,0.899653473,0.977813594,18643.8451,18644,296
diciembre de 2020,Cauca,Inzá,1/12/2020,Sisben II,0,0.862884348,0.892568499,0.977813594,0,0,297
diciembre de 2020,Cauca,Inzá,1/12/2020,Sisben I,0,0.862884348,0.892568499,0.977813594,0,0,298
diciembre de 2020,Cauca,Inzá,1/12/2020,PPNA,0,0.862884348,0.892568499,0.977813594,0,0,299
diciembre de 2020,Cauca,Inzá,1/12/2020,Excepción,402,0.862884348,0.892568499,0.977813594,402,0,300
diciembre de 2020,Cauca,Inzá,1/12/2020,Contributivo,1238,0.862884348,0.892568499,0.977813594,1238,0,301
diciembre de 2022,Cauca,Inzá,1/12/2022,Subsidiado,25206,0.885333746,0.89979732,0.991153092,25206,0,302
diciembre de 2022,Cauca,Inzá,1/12/2022,Sisben II,0,0.885333746,0.89979732,0.991153092,40,0,303
diciembre de 2021,Cauca,Jambaló,1/12/2021,Poblacion,0,0.875302817,0.907134212,0.990307386,18794.35234,18794,304
diciembre de 2022,Cauca,Inzá,1/12/2022,Sisben I,0,0.885333746,0.89979732,0.991153092,0,0,305
diciembre de 2022,Cauca,Inzá,1/12/2022,PPNA,0,0.885333746,0.89979732,0.991153092,14521,0,306
diciembre de 2022,Cauca,Inzá,1/12/2022,NOPPNA,0,0.885333746,0.89979732,0.991153092,1,0,307
diciembre de 2022,Cauca,Inzá,1/12/2022,Excepción,447,0.885333746,0.89979732,0.991153092,447,0,308
diciembre de 2022,Cauca,Inzá,1/12/2022,Contributivo,1374,0.885333746,0.89979732,0.991153092,1374,0,309
diciembre de 2020,Cauca,Jambaló,1/12/2020,Subsidiado,16065,0.862884348,0.899653473,0.977813594,16065,0,310
diciembre de 2020,Cauca,Jambaló,1/12/2020,Sisben II,0,0.862884348,0.899653473,0.977813594,0,0,311
diciembre de 2022,Cauca,Jambaló,1/12/2022,Poblacion,0,0.885333746,0.906257102,0.991153092,18943.85154,18944,312
diciembre de 2020,Cauca,Jambaló,1/12/2020,Sisben I,0,0.862884348,0.899653473,0.977813594,0,0,313
diciembre de 2020,Cauca,Jambaló,1/12/2020,PPNA,0,0.862884348,0.899653473,0.977813594,0,0,314
diciembre de 2020,Cauca,Jambaló,1/12/2020,Excepción,116,0.862884348,0.899653473,0.977813594,116,0,315
diciembre de 2020,Cauca,Jambaló,1/12/2020,Contributivo,592,0.862884348,0.899653473,0.977813594,592,0,316
diciembre de 2020,Cauca,La Sierra,1/12/2020,Poblacion,0,0.862884348,0.957147072,0.977813594,10697.41558,10697,317
diciembre de 2021,Cauca,Jambaló,1/12/2021,Subsidiado,16209,0.875302817,0.907134212,0.990307386,16209,0,318
diciembre de 2021,Cauca,La Sierra,1/12/2021,Poblacion,0,0.875302817,0.955258986,0.990307386,10782.41624,10782,319
diciembre de 2021,Cauca,Jambaló,1/12/2021,Sisben II,0,0.875302817,0.907134212,0.990307386,0,0,320
diciembre de 2021,Cauca,Jambaló,1/12/2021,Sisben I,0,0.875302817,0.907134212,0.990307386,20,0,321
diciembre de 2021,Cauca,Jambaló,1/12/2021,PPNA,0,0.875302817,0.907134212,0.990307386,23,0,322
diciembre de 2021,Cauca,Jambaló,1/12/2021,Excepción,139,0.875302817,0.907134212,0.990307386,139,0,323
diciembre de 2021,Cauca,Jambaló,1/12/2021,Contributivo,701,0.875302817,0.907134212,0.990307386,701,0,324
diciembre de 2022,Cauca,La Sierra,1/12/2022,Poblacion,0,0.885333746,0.947148406,0.991153092,10868.41295,10868,325
diciembre de 2022,Cauca,Guachené,1/12/2022,Contributivo,4792,0.885333746,0.617506449,0.991153092,4792,0,326
diciembre de 2022,Cauca,Jambaló,1/12/2022,Subsidiado,16450,0.885333746,0.906257102,0.991153092,16450,0,327
diciembre de 2022,Cauca,Jambaló,1/12/2022,Sisben II,0,0.885333746,0.906257102,0.991153092,2,0,328
diciembre de 2022,Cauca,Jambaló,1/12/2022,Sisben I,0,0.885333746,0.906257102,0.991153092,0,0,329
diciembre de 2022,Cauca,Jambaló,1/12/2022,PPNA,0,0.885333746,0.906257102,0.991153092,16101,0,330
diciembre de 2022,Cauca,Jambaló,1/12/2022,NOPPNA,0,0.885333746,0.906257102,0.991153092,0,0,331
diciembre de 2020,Cauca,La Sierra,1/12/2020,Subsidiado,9583,0.862884348,0.957147072,0.977813594,9583,0,332
diciembre de 2020,Cauca,La Sierra,1/12/2020,Sisben II,0,0.862884348,0.957147072,0.977813594,0,0,333
diciembre de 2022,Cauca,La Vega,1/12/2022,Poblacion,0,0.885333746,0.711071593,0.991153092,25135.30306,25135,334
diciembre de 2020,Cauca,La Sierra,1/12/2020,Sisben I,0,0.862884348,0.957147072,0.977813594,0,0,335
diciembre de 2020,Cauca,La Sierra,1/12/2020,PPNA,0,0.862884348,0.957147072,0.977813594,0,0,336
diciembre de 2020,Cauca,La Sierra,1/12/2020,Excepción,132,0.862884348,0.957147072,0.977813594,132,0,337
diciembre de 2020,Cauca,La Sierra,1/12/2020,Contributivo,524,0.862884348,0.957147072,0.977813594,524,0,338
diciembre de 2021,Cauca,La Sierra,1/12/2021,Subsidiado,9571,0.875302817,0.955258986,0.990307386,9571,0,339
diciembre de 2021,Cauca,La Sierra,1/12/2021,Sisben II,0,0.875302817,0.955258986,0.990307386,6,0,340
diciembre de 2021,Cauca,La Vega,1/12/2021,Poblacion,0,0.875302817,0.722130946,0.990307386,24937.30547,24937,341
diciembre de 2021,Cauca,La Sierra,1/12/2021,Sisben I,0,0.875302817,0.955258986,0.990307386,10,0,342
diciembre de 2021,Cauca,La Sierra,1/12/2021,PPNA,0,0.875302817,0.955258986,0.990307386,915,0,343
diciembre de 2021,Cauca,La Sierra,1/12/2021,Excepción,142,0.875302817,0.955258986,0.990307386,142,0,344
diciembre de 2021,Cauca,La Sierra,1/12/2021,Contributivo,587,0.875302817,0.955258986,0.990307386,587,0,345
diciembre de 2022,Cauca,La Sierra,1/12/2022,Subsidiado,9646,0.885333746,0.947148406,0.991153092,9646,0,346
diciembre de 2022,Cauca,La Sierra,1/12/2022,Sisben II,0,0.885333746,0.947148406,0.991153092,2,0,347
diciembre de 2020,Cauca,La Vega,1/12/2020,Poblacion,0,0.862884348,0.726506839,0.977813594,24740.30392,24740,348
diciembre de 2022,Cauca,La Sierra,1/12/2022,Sisben I,0,0.885333746,0.947148406,0.991153092,0,0,349
diciembre de 2022,Cauca,La Sierra,1/12/2022,PPNA,0,0.885333746,0.947148406,0.991153092,2514,0,350
diciembre de 2022,Cauca,La Sierra,1/12/2022,NOPPNA,0,0.885333746,0.947148406,0.991153092,0,0,351
diciembre de 2022,Cauca,La Sierra,1/12/2022,Excepción,146,0.885333746,0.947148406,0.991153092,146,0,352
diciembre de 2022,Cauca,La Sierra,1/12/2022,Contributivo,502,0.885333746,0.947148406,0.991153092,502,0,353
diciembre de 2022,Cauca,La Vega,1/12/2022,Subsidiado,16862,0.885333746,0.711071593,0.991153092,16862,0,354
diciembre de 2020,Cauca,López De Micay,1/12/2020,Poblacion,0,0.862884348,0.580098399,0.977813594,19008.84405,19009,355
diciembre de 2022,Cauca,La Vega,1/12/2022,Sisben II,0,0.885333746,0.711071593,0.991153092,3,0,356
diciembre de 2022,Cauca,La Vega,1/12/2022,Sisben I,0,0.885333746,0.711071593,0.991153092,0,0,357
diciembre de 2022,Cauca,La Vega,1/12/2022,PPNA,0,0.885333746,0.711071593,0.991153092,7134,0,358
diciembre de 2022,Cauca,La Vega,1/12/2022,NOPPNA,0,0.885333746,0.711071593,0.991153092,0,0,359
diciembre de 2022,Cauca,La Vega,1/12/2022,Excepción,305,0.885333746,0.711071593,0.991153092,305,0,360
diciembre de 2022,Cauca,La Vega,1/12/2022,Contributivo,706,0.885333746,0.711071593,0.991153092,706,0,361
diciembre de 2021,Cauca,López De Micay,1/12/2021,Poblacion,0,0.875302817,0.612764178,0.990307386,19162.3473,19162,362
diciembre de 2021,Cauca,La Vega,1/12/2021,Subsidiado,16872,0.875302817,0.722130946,0.990307386,16872,0,363
diciembre de 2021,Cauca,La Vega,1/12/2021,Sisben II,0,0.875302817,0.722130946,0.990307386,7,0,364
diciembre de 2021,Cauca,La Vega,1/12/2021,Sisben I,0,0.875302817,0.722130946,0.990307386,17,0,365
diciembre de 2021,Cauca,La Vega,1/12/2021,PPNA,0,0.875302817,0.722130946,0.990307386,1143,0,366
diciembre de 2021,Cauca,La Vega,1/12/2021,Excepción,299,0.875302817,0.722130946,0.990307386,299,0,367
diciembre de 2021,Cauca,La Vega,1/12/2021,Contributivo,837,0.875302817,0.722130946,0.990307386,837,0,368
diciembre de 2022,Cauca,López De Micay,1/12/2022,Poblacion,0,0.885333746,0.629085206,0.991153092,19315.34851,19315,369
diciembre de 2020,Cauca,La Vega,1/12/2020,Subsidiado,16951,0.862884348,0.726506839,0.977813594,16951,0,370
diciembre de 2020,Cauca,La Vega,1/12/2020,Sisben II,0,0.862884348,0.726506839,0.977813594,0,0,371
diciembre de 2020,Cauca,La Vega,1/12/2020,Sisben I,0,0.862884348,0.726506839,0.977813594,0,0,372
diciembre de 2020,Cauca,La Vega,1/12/2020,PPNA,0,0.862884348,0.726506839,0.977813594,0,0,373
diciembre de 2020,Cauca,La Vega,1/12/2020,Excepción,285,0.862884348,0.726506839,0.977813594,285,0,374
diciembre de 2020,Cauca,La Vega,1/12/2020,Contributivo,738,0.862884348,0.726506839,0.977813594,738,0,375
diciembre de 2020,Cauca,López De Micay,1/12/2020,Subsidiado,10502,0.862884348,0.580098399,0.977813594,10502,0,376
diciembre de 2022,Cauca,Mercaderes,1/12/2022,Poblacion,0,0.885333746,0.678995103,0.991153092,23559.81645,23560,377
diciembre de 2020,Cauca,López De Micay,1/12/2020,Sisben II,0,0.862884348,0.580098399,0.977813594,0,0,378
diciembre de 2020,Cauca,López De Micay,1/12/2020,Sisben I,0,0.862884348,0.580098399,0.977813594,0,0,379
diciembre de 2020,Cauca,López De Micay,1/12/2020,PPNA,0,0.862884348,0.580098399,0.977813594,0,0,380
diciembre de 2020,Cauca,López De Micay,1/12/2020,Excepción,271,0.862884348,0.580098399,0.977813594,271,0,381
diciembre de 2020,Cauca,López De Micay,1/12/2020,Contributivo,254,0.862884348,0.580098399,0.977813594,254,0,382
diciembre de 2021,Cauca,López De Micay,1/12/2021,Subsidiado,11118,0.875302817,0.612764178,0.990307386,11118,0,383
diciembre de 2021,Cauca,López De Micay,1/12/2021,Sisben II,0,0.875302817,0.612764178,0.990307386,12,0,384
diciembre de 2021,Cauca,Mercaderes,1/12/2021,Poblacion,0,0.875302817,0.678180244,0.990307386,23374.31697,23374,385
diciembre de 2021,Cauca,López De Micay,1/12/2021,Sisben I,0,0.875302817,0.612764178,0.990307386,9,0,386
diciembre de 2021,Cauca,López De Micay,1/12/2021,PPNA,0,0.875302817,0.612764178,0.990307386,2087,0,387
diciembre de 2021,Cauca,López De Micay,1/12/2021,Excepción,276,0.875302817,0.612764178,0.990307386,276,0,388
diciembre de 2021,Cauca,López De Micay,1/12/2021,Contributivo,348,0.875302817,0.612764178,0.990307386,348,0,389
diciembre de 2022,Cauca,López De Micay,1/12/2022,Subsidiado,11543,0.885333746,0.629085206,0.991153092,11543,0,390
diciembre de 2022,Cauca,López De Micay,1/12/2022,Sisben II,0,0.885333746,0.629085206,0.991153092,0,0,391
diciembre de 2022,Cauca,Caloto,1/12/2022,Excepción,197,0.885333746,0.74117679,0.991153092,197,0,392
diciembre de 2022,Cauca,López De Micay,1/12/2022,Sisben I,0,0.885333746,0.629085206,0.991153092,0,0,393
diciembre de 2022,Cauca,López De Micay,1/12/2022,PPNA,0,0.885333746,0.629085206,0.991153092,4240,0,394
diciembre de 2022,Cauca,López De Micay,1/12/2022,NOPPNA,0,0.885333746,0.629085206,0.991153092,1,0,395
diciembre de 2022,Cauca,López De Micay,1/12/2022,Excepción,285,0.885333746,0.629085206,0.991153092,285,0,396
diciembre de 2022,Cauca,López De Micay,1/12/2022,Contributivo,323,0.885333746,0.629085206,0.991153092,323,0,397
diciembre de 2022,Cauca,Mercaderes,1/12/2022,Subsidiado,14983,0.885333746,0.678995103,0.991153092,14983,0,398
diciembre de 2020,Cauca,Mercaderes,1/12/2020,Poblacion,0,0.862884348,0.678157145,0.977813594,23189.31551,23189,399
diciembre de 2022,Cauca,Mercaderes,1/12/2022,Sisben II,0,0.885333746,0.678995103,0.991153092,4,0,400
diciembre de 2022,Cauca,Mercaderes,1/12/2022,Sisben I,0,0.885333746,0.678995103,0.991153092,0,0,401
diciembre de 2022,Cauca,Mercaderes,1/12/2022,PPNA,0,0.885333746,0.678995103,0.991153092,2471,0,402
diciembre de 2022,Cauca,Mercaderes,1/12/2022,NOPPNA,0,0.885333746,0.678995103,0.991153092,1,0,403
diciembre de 2022,Cauca,Mercaderes,1/12/2022,Excepción,312,0.885333746,0.678995103,0.991153092,312,0,404
diciembre de 2022,Cauca,Mercaderes,1/12/2022,Contributivo,702,0.885333746,0.678995103,0.991153092,702,0,405
diciembre de 2021,Cauca,Mercaderes,1/12/2021,Subsidiado,14668,0.875302817,0.678180244,0.990307386,14668,0,406
diciembre de 2022,Cauca,Jambaló,1/12/2022,Excepción,137,0.885333746,0.906257102,0.991153092,137,0,407
diciembre de 2021,Cauca,Mercaderes,1/12/2021,Sisben II,0,0.875302817,0.678180244,0.990307386,22,0,408
diciembre de 2021,Cauca,Mercaderes,1/12/2021,Sisben I,0,0.875302817,0.678180244,0.990307386,6,0,409
diciembre de 2021,Cauca,Mercaderes,1/12/2021,PPNA,0,0.875302817,0.678180244,0.990307386,1476,0,410
diciembre de 2021,Cauca,Mercaderes,1/12/2021,Excepción,305,0.875302817,0.678180244,0.990307386,305,0,411
diciembre de 2021,Cauca,Mercaderes,1/12/2021,Contributivo,879,0.875302817,0.678180244,0.990307386,879,0,412
diciembre de 2020,Cauca,Mercaderes,1/12/2020,Subsidiado,14654,0.862884348,0.678157145,0.977813594,14654,0,413
diciembre de 2020,Cauca,Mercaderes,1/12/2020,Sisben II,0,0.862884348,0.678157145,0.977813594,0,0,414
diciembre de 2021,Cauca,Padilla,1/12/2021,Subsidiado,5123,0.875302817,0.68691202,0.990307386,5123,0,415
diciembre de 2020,Cauca,Mercaderes,1/12/2020,Sisben I,0,0.862884348,0.678157145,0.977813594,0,0,416
diciembre de 2020,Cauca,Mercaderes,1/12/2020,PPNA,0,0.862884348,0.678157145,0.977813594,0,0,417
diciembre de 2020,Cauca,Mercaderes,1/12/2020,Excepción,284,0.862884348,0.678157145,0.977813594,284,0,418
diciembre de 2020,Cauca,Mercaderes,1/12/2020,Contributivo,788,0.862884348,0.678157145,0.977813594,788,0,419
diciembre de 2020,Cauca,Miranda,1/12/2020,Sisben II,0,0.862884348,0.789749802,0.977813594,0,0,420
diciembre de 2020,Cauca,Miranda,1/12/2020,Sisben I,0,0.862884348,0.789749802,0.977813594,0,0,421
diciembre de 2020,Cauca,Miranda,1/12/2020,PPNA,0,0.862884348,0.789749802,0.977813594,0,0,422
diciembre de 2020,Cauca,Miranda,1/12/2020,Excepción,333,0.862884348,0.789749802,0.977813594,333,0,423
diciembre de 2020,Cauca,Miranda,1/12/2020,Contributivo,9193,0.862884348,0.789749802,0.977813594,9193,0,424
diciembre de 2021,Cauca,Miranda,1/12/2021,Subsidiado,16100,0.875302817,0.787983922,0.990307386,16100,0,425
diciembre de 2021,Cauca,Miranda,1/12/2021,Sisben II,0,0.875302817,0.787983922,0.990307386,21,0,426
diciembre de 2021,Cauca,Miranda,1/12/2021,Sisben I,0,0.875302817,0.787983922,0.990307386,119,0,427
diciembre de 2021,Cauca,Miranda,1/12/2021,PPNA,0,0.875302817,0.787983922,0.990307386,2044,0,428
diciembre de 2020,Cauca,Miranda,1/12/2020,Poblacion,0,0.862884348,0.789749802,0.977813594,32212.73363,32213,429
diciembre de 2021,Cauca,Miranda,1/12/2021,Excepción,339,0.875302817,0.787983922,0.990307386,339,0,430
diciembre de 2021,Cauca,Miranda,1/12/2021,Contributivo,9149,0.875302817,0.787983922,0.990307386,9149,0,431
diciembre de 2021,Cauca,Miranda,1/12/2021,Poblacion,0,0.875302817,0.787983922,0.990307386,32472.74377,32473,432
diciembre de 2022,Cauca,Miranda,1/12/2022,Poblacion,0,0.885333746,0.804521825,0.991153092,32731.24382,32731,433
diciembre de 2022,Cauca,Miranda,1/12/2022,Subsidiado,17134,0.885333746,0.804521825,0.991153092,17134,0,434
diciembre de 2022,Cauca,Miranda,1/12/2022,Sisben II,0,0.885333746,0.804521825,0.991153092,12,0,435
diciembre de 2020,Cauca,Morales,1/12/2020,Poblacion,0,0.862884348,0.711072292,0.977813594,40247.66587,40248,436
diciembre de 2022,Cauca,Miranda,1/12/2022,Sisben I,0,0.885333746,0.804521825,0.991153092,0,0,437
diciembre de 2022,Cauca,Miranda,1/12/2022,PPNA,0,0.885333746,0.804521825,0.991153092,6687,0,438
diciembre de 2022,Cauca,Miranda,1/12/2022,NOPPNA,0,0.885333746,0.804521825,0.991153092,1,0,439
diciembre de 2022,Cauca,Miranda,1/12/2022,Excepción,341,0.885333746,0.804521825,0.991153092,341,0,440
diciembre de 2020,Cauca,Morales,1/12/2020,Subsidiado,27311,0.862884348,0.711072292,0.977813594,27311,0,441
diciembre de 2020,Cauca,Morales,1/12/2020,Sisben II,0,0.862884348,0.711072292,0.977813594,0,0,442
diciembre de 2021,Cauca,Morales,1/12/2021,Poblacion,0,0.875302817,0.727789292,0.990307386,40572.18254,40572,443
diciembre de 2020,Cauca,Morales,1/12/2020,Sisben I,0,0.862884348,0.711072292,0.977813594,0,0,444
diciembre de 2020,Cauca,Morales,1/12/2020,PPNA,0,0.862884348,0.711072292,0.977813594,0,0,445
diciembre de 2020,Cauca,Morales,1/12/2020,Excepción,212,0.862884348,0.711072292,0.977813594,212,0,446
diciembre de 2020,Cauca,Morales,1/12/2020,Contributivo,1096,0.862884348,0.711072292,0.977813594,1096,0,447
diciembre de 2021,Cauca,Morales,1/12/2021,Subsidiado,27995,0.875302817,0.727789292,0.990307386,27995,0,448
diciembre de 2021,Cauca,Morales,1/12/2021,Sisben II,0,0.875302817,0.727789292,0.990307386,20,0,449
diciembre de 2022,Cauca,Morales,1/12/2022,Poblacion,0,0.885333746,0.747798996,0.991153092,40894.67913,40895,450
diciembre de 2021,Cauca,Morales,1/12/2021,Sisben I,0,0.875302817,0.727789292,0.990307386,24,0,451
diciembre de 2021,Cauca,Morales,1/12/2021,PPNA,0,0.875302817,0.727789292,0.990307386,2035,0,452
diciembre de 2021,Cauca,Morales,1/12/2021,Excepción,227,0.875302817,0.727789292,0.990307386,227,0,453
diciembre de 2021,Cauca,Morales,1/12/2021,Contributivo,1306,0.875302817,0.727789292,0.990307386,1306,0,454
diciembre de 2022,Cauca,Morales,1/12/2022,Subsidiado,29077,0.885333746,0.747798996,0.991153092,29077,0,455
diciembre de 2022,Cauca,Morales,1/12/2022,Sisben II,0,0.885333746,0.747798996,0.991153092,19,0,456
diciembre de 2020,Cauca,Padilla,1/12/2020,Poblacion,0,0.862884348,0.68890101,0.977813594,10031.92025,10032,457
diciembre de 2022,Cauca,Morales,1/12/2022,Sisben I,0,0.885333746,0.747798996,0.991153092,0,0,458
diciembre de 2022,Cauca,Morales,1/12/2022,PPNA,0,0.885333746,0.747798996,0.991153092,15387,0,459
diciembre de 2022,Cauca,Morales,1/12/2022,NOPPNA,0,0.885333746,0.747798996,0.991153092,1,0,460
diciembre de 2022,Cauca,Morales,1/12/2022,Excepción,238,0.885333746,0.747798996,0.991153092,238,0,461
diciembre de 2022,Cauca,Morales,1/12/2022,Contributivo,1266,0.885333746,0.747798996,0.991153092,1266,0,462
diciembre de 2021,Cauca,Padilla,1/12/2021,Sisben II,0,0.875302817,0.68691202,0.990307386,6,0,463
diciembre de 2022,Cauca,Corinto,1/12/2022,Excepción,332,0.885333746,1,0.991153092,332,0,464
diciembre de 2021,Cauca,Padilla,1/12/2021,Sisben I,0,0.875302817,0.68691202,0.990307386,18,0,465
diciembre de 2021,Cauca,Padilla,1/12/2021,PPNA,0,0.875302817,0.68691202,0.990307386,1032,0,466
diciembre de 2021,Cauca,Padilla,1/12/2021,Excepción,41,0.875302817,0.68691202,0.990307386,41,0,467
diciembre de 2021,Cauca,Padilla,1/12/2021,Contributivo,1782,0.875302817,0.68691202,0.990307386,1782,0,468
diciembre de 2021,Cauca,Padilla,1/12/2021,Poblacion,0,0.875302817,0.68691202,0.990307386,10111.92089,10112,469
diciembre de 2022,Cauca,Buenos Aires,1/12/2022,Subsidiado,23114,0.885333746,0.755323609,0.991153092,23114,0,470
diciembre de 2022,Cauca,Buenos Aires,1/12/2022,Sisben II,0,0.885333746,0.755323609,0.991153092,14,0,471
diciembre de 2022,Cauca,Padilla,1/12/2022,Poblacion,0,0.885333746,0.702090409,0.991153092,10192.41954,10192,472
diciembre de 2022,Cauca,Buenos Aires,1/12/2022,Sisben I,0,0.885333746,0.755323609,0.991153092,0,0,473
diciembre de 2022,Cauca,Buenos Aires,1/12/2022,PPNA,0,0.885333746,0.755323609,0.991153092,8880,0,474
diciembre de 2022,Cauca,Buenos Aires,1/12/2022,NOPPNA,0,0.885333746,0.755323609,0.991153092,0,0,475
diciembre de 2022,Cauca,Buenos Aires,1/12/2022,Excepción,219,0.885333746,0.755323609,0.991153092,219,0,476
diciembre de 2022,Cauca,Buenos Aires,1/12/2022,Contributivo,1364,0.885333746,0.755323609,0.991153092,1364,0,477
diciembre de 2020,Cauca,Páez,1/12/2020,Poblacion,0,0.862884348,0.732646214,0.977813594,46932.61135,46933,478
diciembre de 2022,Cauca,Padilla,1/12/2022,Subsidiado,5378,0.885333746,0.702090409,0.991153092,5378,0,479
diciembre de 2022,Cauca,Páez,1/12/2022,Poblacion,0,0.885333746,0.751201169,0.991153092,47687.62547,47688,480
diciembre de 2022,Cauca,Padilla,1/12/2022,Sisben II,0,0.885333746,0.702090409,0.991153092,4,0,481
diciembre de 2022,Cauca,Padilla,1/12/2022,Sisben I,0,0.885333746,0.702090409,0.991153092,0,0,482
diciembre de 2022,Cauca,Padilla,1/12/2022,PPNA,0,0.885333746,0.702090409,0.991153092,837,0,483
diciembre de 2022,Cauca,Padilla,1/12/2022,NOPPNA,0,0.885333746,0.702090409,0.991153092,0,0,484
diciembre de 2020,Cauca,Páez,1/12/2020,Subsidiado,32324,0.862884348,0.732646214,0.977813594,32324,0,485
diciembre de 2020,Cauca,Páez,1/12/2020,Sisben II,0,0.862884348,0.732646214,0.977813594,0,0,486
diciembre de 2020,Cauca,Páez,1/12/2020,Sisben I,0,0.862884348,0.732646214,0.977813594,0,0,487
diciembre de 2021,Cauca,Páez,1/12/2021,Poblacion,0,0.875302817,0.746441718,0.990307386,47311.12846,47311,488
diciembre de 2020,Cauca,Páez,1/12/2020,PPNA,0,0.862884348,0.732646214,0.977813594,0,0,489
diciembre de 2020,Cauca,Páez,1/12/2020,Excepción,479,0.862884348,0.732646214,0.977813594,479,0,490
diciembre de 2020,Cauca,Páez,1/12/2020,Contributivo,1582,0.862884348,0.732646214,0.977813594,1582,0,491
diciembre de 2022,Cauca,Páez,1/12/2022,Subsidiado,33658,0.885333746,0.751201169,0.991153092,33658,0,492
diciembre de 2022,Cauca,Páez,1/12/2022,Sisben II,0,0.885333746,0.751201169,0.991153092,21,0,493
diciembre de 2022,Cauca,Páez,1/12/2022,Sisben I,0,0.885333746,0.751201169,0.991153092,0,0,494
diciembre de 2020,Cauca,Patía,1/12/2020,Poblacion,0,0.862884348,0.848014976,0.977813594,37643.20313,37643,495
diciembre de 2022,Cauca,Páez,1/12/2022,PPNA,0,0.885333746,0.751201169,0.991153092,28652,0,496
diciembre de 2022,Cauca,Páez,1/12/2022,NOPPNA,0,0.885333746,0.751201169,0.991153092,0,0,497
diciembre de 2022,Cauca,Páez,1/12/2022,Excepción,535,0.885333746,0.751201169,0.991153092,535,0,498
diciembre de 2022,Cauca,Páez,1/12/2022,Contributivo,1630,0.885333746,0.751201169,0.991153092,1630,0,499
diciembre de 2021,Cauca,Páez,1/12/2021,Subsidiado,32992,0.875302817,0.746441718,0.990307386,32992,0,500
diciembre de 2021,Cauca,Páez,1/12/2021,Sisben II,0,0.875302817,0.746441718,0.990307386,110,0,501
diciembre de 2021,Cauca,Páez,1/12/2021,Sisben I,0,0.875302817,0.746441718,0.990307386,108,0,502
diciembre de 2021,Cauca,Páez,1/12/2021,PPNA,0,0.875302817,0.746441718,0.990307386,2035,0,503
diciembre de 2021,Cauca,Páez,1/12/2021,Excepción,524,0.875302817,0.746441718,0.990307386,524,0,504
diciembre de 2021,Cauca,Páez,1/12/2021,Contributivo,1799,0.875302817,0.746441718,0.990307386,1799,0,505
diciembre de 2020,Cauca,Patía,1/12/2020,Subsidiado,27893,0.862884348,0.848014976,0.977813594,27893,0,506
diciembre de 2020,Cauca,Patía,1/12/2020,Sisben II,0,0.862884348,0.848014976,0.977813594,0,0,507
diciembre de 2020,Cauca,Patía,1/12/2020,Sisben I,0,0.862884348,0.848014976,0.977813594,0,0,508
diciembre de 2020,Cauca,Patía,1/12/2020,PPNA,0,0.862884348,0.848014976,0.977813594,0,0,509
diciembre de 2021,Cauca,Patía,1/12/2021,Poblacion,0,0.875302817,0.842390698,0.990307386,37943.20153,37943,510
diciembre de 2020,Cauca,Patía,1/12/2020,Excepción,763,0.862884348,0.848014976,0.977813594,763,0,511
diciembre de 2020,Cauca,Patía,1/12/2020,Contributivo,3266,0.862884348,0.848014976,0.977813594,3266,0,512
diciembre de 2021,Cauca,Patía,1/12/2021,Subsidiado,27703,0.875302817,0.842390698,0.990307386,27703,0,513
diciembre de 2021,Cauca,Patía,1/12/2021,Sisben II,0,0.875302817,0.842390698,0.990307386,25,0,514
diciembre de 2021,Cauca,Patía,1/12/2021,Sisben I,0,0.875302817,0.842390698,0.990307386,52,0,515
diciembre de 2021,Cauca,Patía,1/12/2021,PPNA,0,0.875302817,0.842390698,0.990307386,7512,0,516
diciembre de 2022,Cauca,Patía,1/12/2022,Poblacion,0,0.885333746,0.870514471,0.991153092,38245.19993,38245,517
diciembre de 2021,Cauca,Patía,1/12/2021,Excepción,772,0.875302817,0.842390698,0.990307386,772,0,518
diciembre de 2021,Cauca,Patía,1/12/2021,Contributivo,3488,0.875302817,0.842390698,0.990307386,3488,0,519
diciembre de 2022,Cauca,Patía,1/12/2022,Subsidiado,29205,0.885333746,0.870514471,0.991153092,29205,0,520
diciembre de 2022,Cauca,Patía,1/12/2022,Sisben II,0,0.885333746,0.870514471,0.991153092,24,0,521
diciembre de 2022,Cauca,Patía,1/12/2022,Sisben I,0,0.885333746,0.870514471,0.991153092,0,0,522
diciembre de 2022,Cauca,Patía,1/12/2022,PPNA,0,0.885333746,0.870514471,0.991153092,3929,0,523
diciembre de 2022,Cauca,Patía,1/12/2022,NOPPNA,0,0.885333746,0.870514471,0.991153092,0,0,524
diciembre de 2022,Cauca,Piamonte,1/12/2022,Poblacion,0,0.885333746,0.904151516,0.991153092,9446.425567,9446,525
diciembre de 2022,Cauca,Patía,1/12/2022,Excepción,785,0.885333746,0.870514471,0.991153092,785,0,526
diciembre de 2022,Cauca,Patía,1/12/2022,Contributivo,3303,0.885333746,0.870514471,0.991153092,3303,0,527
diciembre de 2022,Cauca,Piamonte,1/12/2022,Subsidiado,8080,0.885333746,0.904151516,0.991153092,8080,0,528
diciembre de 2022,Cauca,Piamonte,1/12/2022,Sisben II,0,0.885333746,0.904151516,0.991153092,3,0,529
diciembre de 2022,Cauca,Piamonte,1/12/2022,Sisben I,0,0.885333746,0.904151516,0.991153092,0,0,530
diciembre de 2022,Cauca,Piamonte,1/12/2022,PPNA,0,0.885333746,0.904151516,0.991153092,1830,0,531
diciembre de 2022,Cauca,Piamonte,1/12/2022,NOPPNA,0,0.885333746,0.904151516,0.991153092,1,0,532
diciembre de 2022,Cauca,Piamonte,1/12/2022,Excepción,67,0.885333746,0.904151516,0.991153092,67,0,533
diciembre de 2022,Cauca,Piamonte,1/12/2022,Contributivo,394,0.885333746,0.904151516,0.991153092,394,0,534
diciembre de 2020,Cauca,Piamonte,1/12/2020,Subsidiado,7345,0.862884348,0.842859574,0.977813594,7345,0,535
diciembre de 2020,Cauca,Piamonte,1/12/2020,Sisben II,0,0.862884348,0.842859574,0.977813594,0,0,536
diciembre de 2020,Cauca,Piamonte,1/12/2020,Sisben I,0,0.862884348,0.842859574,0.977813594,0,0,537
diciembre de 2020,Cauca,Piamonte,1/12/2020,PPNA,0,0.862884348,0.842859574,0.977813594,0,0,538
diciembre de 2022,Cauca,Caldono,1/12/2022,Contributivo,1429,0.885333746,0.885529795,0.991153092,1429,0,539
diciembre de 2020,Cauca,Piamonte,1/12/2020,Excepción,51,0.862884348,0.842859574,0.977813594,51,0,540
diciembre de 2020,Cauca,Piamonte,1/12/2020,Contributivo,440,0.862884348,0.842859574,0.977813594,440,0,541
diciembre de 2021,Cauca,Piamonte,1/12/2021,Subsidiado,7660,0.875302817,0.877727711,0.990307386,7660,0,542
diciembre de 2021,Cauca,Piamonte,1/12/2021,Sisben II,0,0.875302817,0.877727711,0.990307386,7,0,543
diciembre de 2021,Cauca,Piamonte,1/12/2021,Sisben I,0,0.875302817,0.877727711,0.990307386,2,0,544
diciembre de 2021,Cauca,Piamonte,1/12/2021,PPNA,0,0.875302817,0.877727711,0.990307386,816,0,545
diciembre de 2021,Cauca,Piamonte,1/12/2021,Excepción,48,0.875302817,0.877727711,0.990307386,48,0,546
diciembre de 2021,Cauca,Piamonte,1/12/2021,Contributivo,518,0.875302817,0.877727711,0.990307386,518,0,547
diciembre de 2021,Cauca,Piendamó,1/12/2021,Subsidiado,31396,0.875302817,0.905785578,0.990307386,31396,0,548
diciembre de 2021,Cauca,Piendamó,1/12/2021,Sisben II,0,0.875302817,0.905785578,0.990307386,19,0,549
diciembre de 2021,Cauca,Piendamó,1/12/2021,Sisben I,0,0.875302817,0.905785578,0.990307386,189,0,550
diciembre de 2021,Cauca,Piendamó,1/12/2021,PPNA,0,0.875302817,0.905785578,0.990307386,3297,0,551
diciembre de 2021,Cauca,Piendamó,1/12/2021,Excepción,471,0.875302817,0.905785578,0.990307386,471,0,552
diciembre de 2021,Cauca,Piendamó,1/12/2021,Contributivo,6490,0.875302817,0.905785578,0.990307386,6490,0,553
diciembre de 2020,Cauca,Piendamó,1/12/2020,Subsidiado,31105,0.862884348,0.889552219,0.977813594,31105,0,554
diciembre de 2020,Cauca,Piendamó,1/12/2020,Sisben II,0,0.862884348,0.889552219,0.977813594,0,0,555
diciembre de 2020,Cauca,Piendamó,1/12/2020,Sisben I,0,0.862884348,0.889552219,0.977813594,0,0,556
diciembre de 2020,Cauca,Piendamó,1/12/2020,PPNA,0,0.862884348,0.889552219,0.977813594,0,0,557
diciembre de 2020,Cauca,Piendamó,1/12/2020,Excepción,429,0.862884348,0.889552219,0.977813594,429,0,558
diciembre de 2020,Cauca,Piendamó,1/12/2020,Contributivo,5834,0.862884348,0.889552219,0.977813594,5834,0,559
diciembre de 2020,Cauca,Piamonte,1/12/2020,Poblacion,0,0.862884348,0.842859574,0.977813594,9296.92234,9297,560
diciembre de 2022,Cauca,Piendamó,1/12/2022,Subsidiado,32642,0.885333746,0.917025274,0.991153092,32642,0,561
diciembre de 2022,Cauca,Piendamó,1/12/2022,Sisben II,0,0.885333746,0.917025274,0.991153092,11,0,562
diciembre de 2022,Cauca,Piendamó,1/12/2022,Sisben I,0,0.885333746,0.917025274,0.991153092,0,0,563
diciembre de 2022,Cauca,Piendamó,1/12/2022,PPNA,0,0.885333746,0.917025274,0.991153092,9560,0,564
diciembre de 2022,Cauca,Piendamó,1/12/2022,NOPPNA,0,0.885333746,0.917025274,0.991153092,0,0,565
diciembre de 2022,Cauca,Piendamó,1/12/2022,Excepción,470,0.885333746,0.917025274,0.991153092,470,0,566
diciembre de 2022,Cauca,Jambaló,1/12/2022,Contributivo,581,0.885333746,0.906257102,0.991153092,581,0,567
diciembre de 2022,Cauca,Piendamó,1/12/2022,Contributivo,6030,0.885333746,0.917025274,0.991153092,6030,0,568
diciembre de 2020,Cauca,Popayán,1/12/2020,Sisben I,0,0.862884348,0.95427464,0.977813594,0,0,569
diciembre de 2020,Cauca,Popayán,1/12/2020,PPNA,0,0.862884348,0.95427464,0.977813594,0,0,570
diciembre de 2020,Cauca,Popayán,1/12/2020,Excepción,13117,0.862884348,0.95427464,0.977813594,13117,0,571
diciembre de 2020,Cauca,Popayán,1/12/2020,Contributivo,150202,0.862884348,0.95427464,0.977813594,150202,0,572
diciembre de 2021,Cauca,Piamonte,1/12/2021,Poblacion,0,0.875302817,0.877727711,0.990307386,9371.926963,9372,573
diciembre de 2021,Cauca,Piendamó,1/12/2021,Poblacion,0,0.875302817,0.905785578,0.990307386,42346.66675,42347,574
diciembre de 2020,Cauca,Piendamó,1/12/2020,Poblacion,0,0.862884348,0.889552219,0.977813594,42007.65196,42008,575
diciembre de 2021,Cauca,Popayán,1/12/2021,Subsidiado,149143,0.875302817,0.976587942,0.990307386,149143,0,576
diciembre de 2021,Cauca,Popayán,1/12/2021,Sisben II,0,0.875302817,0.976587942,0.990307386,118,0,577
diciembre de 2021,Cauca,Popayán,1/12/2021,Sisben I,0,0.875302817,0.976587942,0.990307386,5713,0,578
diciembre de 2021,Cauca,Popayán,1/12/2021,PPNA,0,0.875302817,0.976587942,0.990307386,21366,0,579
diciembre de 2021,Cauca,Popayán,1/12/2021,Excepción,14042,0.875302817,0.976587942,0.990307386,14042,0,580
diciembre de 2022,Cauca,Piendamó,1/12/2022,Poblacion,0,0.885333746,0.917025274,0.991153092,42683.66544,42684,581
diciembre de 2021,Cauca,Popayán,1/12/2021,Contributivo,158544,0.875302817,0.976587942,0.990307386,158544,0,582
diciembre de 2020,Cauca,Popayán,1/12/2020,Poblacion,0,0.862884348,0.95427464,0.977813594,326805.2896,326805,583
diciembre de 2022,Cauca,Popayán,1/12/2022,Subsidiado,165210,0.885333746,0.994018033,0.991153092,165210,0,584
diciembre de 2022,Cauca,Popayán,1/12/2022,Sisben II,0,0.885333746,0.994018033,0.991153092,99,0,585
diciembre de 2022,Cauca,Popayán,1/12/2022,Sisben I,0,0.885333746,0.994018033,0.991153092,0,0,586
diciembre de 2022,Cauca,Popayán,1/12/2022,PPNA,0,0.885333746,0.994018033,0.991153092,33774,0,587
diciembre de 2022,Cauca,Popayán,1/12/2022,NOPPNA,0,0.885333746,0.994018033,0.991153092,7,0,588
diciembre de 2021,Cauca,Popayán,1/12/2021,Poblacion,0,0.875302817,0.976587942,0.990307386,329441.9133,329442,589
diciembre de 2022,Cauca,Popayán,1/12/2022,Excepción,14072,0.885333746,0.994018033,0.991153092,14072,0,590
diciembre de 2020,Cauca,Puerto Tejada,1/12/2020,Sisben II,0,0.862884348,1,0.977813594,0,0,591
diciembre de 2020,Cauca,Puerto Tejada,1/12/2020,Sisben I,0,0.862884348,1,0.977813594,0,0,592
diciembre de 2020,Cauca,Puerto Tejada,1/12/2020,PPNA,0,0.862884348,1,0.977813594,0,0,593
diciembre de 2020,Cauca,Puerto Tejada,1/12/2020,Excepción,881,0.862884348,1,0.977813594,881,0,594
diciembre de 2020,Cauca,Puerto Tejada,1/12/2020,Contributivo,28789,0.862884348,1,0.977813594,28789,0,595
diciembre de 2022,Cauca,Caloto,1/12/2022,Contributivo,3916,0.885333746,0.74117679,0.991153092,3916,0,596
diciembre de 2022,Cauca,Popayán,1/12/2022,Poblacion,0,0.885333746,0.994018033,0.991153092,332063.3923,332063,597
diciembre de 2021,Cauca,Puerto Tejada,1/12/2021,Subsidiado,21195,0.875302817,1,0.990307386,21195,0,598
diciembre de 2021,Cauca,Puerto Tejada,1/12/2021,Sisben II,0,0.875302817,1,0.990307386,57,0,599
diciembre de 2021,Cauca,Puerto Tejada,1/12/2021,Sisben I,0,0.875302817,1,0.990307386,507,0,600
diciembre de 2021,Cauca,Puerto Tejada,1/12/2021,PPNA,0,0.875302817,1,0.990307386,9017,0,601
diciembre de 2021,Cauca,Puerto Tejada,1/12/2021,Excepción,945,0.875302817,1,0.990307386,945,0,602
diciembre de 2020,Cauca,Puerto Tejada,1/12/2020,Poblacion,0,0.862884348,1,0.977813594,41959.16965,41959,603
diciembre de 2021,Cauca,Puerto Tejada,1/12/2021,Contributivo,30254,0.875302817,1,0.990307386,30254,0,604
diciembre de 2021,Cauca,Puerto Tejada,1/12/2021,Poblacion,0,0.875302817,1,0.990307386,42293.66633,42294,605
diciembre de 2022,Cauca,Puerto Tejada,1/12/2022,Poblacion,0,0.885333746,1,0.991153092,42630.16699,42630,606
diciembre de 2022,Cauca,Puerto Tejada,1/12/2022,Subsidiado,23617,0.885333746,1,0.991153092,23617,0,607
diciembre de 2022,Cauca,Puerto Tejada,1/12/2022,Sisben II,0,0.885333746,1,0.991153092,204,0,608
diciembre de 2022,Cauca,Puerto Tejada,1/12/2022,Sisben I,0,0.885333746,1,0.991153092,0,0,609
diciembre de 2022,Cauca,Puerto Tejada,1/12/2022,PPNA,0,0.885333746,1,0.991153092,7665,0,610
diciembre de 2022,Cauca,Puerto Tejada,1/12/2022,NOPPNA,0,0.885333746,1,0.991153092,3,0,611
diciembre de 2020,Cauca,Puracé,1/12/2020,Subsidiado,14794,0.862884348,0.892347862,0.977813594,14794,0,612
diciembre de 2020,Cauca,Puracé,1/12/2020,Sisben II,0,0.862884348,0.892347862,0.977813594,0,0,613
diciembre de 2020,Cauca,Puracé,1/12/2020,Sisben I,0,0.862884348,0.892347862,0.977813594,0,0,614
diciembre de 2020,Cauca,Puracé,1/12/2020,PPNA,0,0.862884348,0.892347862,0.977813594,0,0,615
diciembre de 2020,Cauca,Puracé,1/12/2020,Excepción,80,0.862884348,0.892347862,0.977813594,80,0,616
diciembre de 2020,Cauca,Puracé,1/12/2020,Contributivo,866,0.862884348,0.892347862,0.977813594,866,0,617
diciembre de 2022,Cauca,Puerto Tejada,1/12/2022,Excepción,950,0.885333746,1,0.991153092,950,0,618
diciembre de 2022,Cauca,Puracé,1/12/2022,Subsidiado,14951,0.885333746,0.893204934,0.991153092,14951,0,619
diciembre de 2022,Cauca,Puracé,1/12/2022,Sisben II,0,0.885333746,0.893204934,0.991153092,13,0,620
diciembre de 2022,Cauca,Puracé,1/12/2022,Sisben I,0,0.885333746,0.893204934,0.991153092,0,0,621
diciembre de 2022,Cauca,Puracé,1/12/2022,PPNA,0,0.885333746,0.893204934,0.991153092,10131,0,622
diciembre de 2022,Cauca,Puracé,1/12/2022,NOPPNA,0,0.885333746,0.893204934,0.991153092,0,0,623
diciembre de 2022,Cauca,Puracé,1/12/2022,Excepción,78,0.885333746,0.893204934,0.991153092,78,0,624
diciembre de 2020,Cauca,Puracé,1/12/2020,Poblacion,0,0.862884348,0.892347862,0.977813594,17638.8611,17639,625
diciembre de 2022,Cauca,Puracé,1/12/2022,Contributivo,978,0.885333746,0.893204934,0.991153092,978,0,626
diciembre de 2021,Cauca,Puracé,1/12/2021,Subsidiado,14777,0.875302817,0.893676701,0.990307386,14777,0,627
diciembre de 2021,Cauca,Puracé,1/12/2021,Sisben II,0,0.875302817,0.893676701,0.990307386,5,0,628
diciembre de 2021,Cauca,Puracé,1/12/2021,Sisben I,0,0.875302817,0.893676701,0.990307386,27,0,629
diciembre de 2021,Cauca,Puracé,1/12/2021,PPNA,0,0.875302817,0.893676701,0.990307386,560,0,630
diciembre de 2021,Cauca,Puracé,1/12/2021,Excepción,79,0.875302817,0.893676701,0.990307386,79,0,631
diciembre de 2022,Cauca,Puracé,1/12/2022,Poblacion,0,0.885333746,0.893204934,0.991153092,17920.85935,17921,632
diciembre de 2021,Cauca,Puracé,1/12/2021,Contributivo,1033,0.875302817,0.893676701,0.990307386,1033,0,633
diciembre de 2022,Cauca,Rosas,1/12/2022,Subsidiado,8547,0.885333746,0.794280018,0.991153092,8547,0,634
diciembre de 2022,Cauca,Rosas,1/12/2022,Sisben II,0,0.885333746,0.794280018,0.991153092,2,0,635
diciembre de 2022,Cauca,Rosas,1/12/2022,Sisben I,0,0.885333746,0.794280018,0.991153092,0,0,636
diciembre de 2022,Cauca,Rosas,1/12/2022,PPNA,0,0.885333746,0.794280018,0.991153092,1304,0,637
diciembre de 2022,Cauca,Rosas,1/12/2022,NOPPNA,0,0.885333746,0.794280018,0.991153092,0,0,638
diciembre de 2022,Cauca,Rosas,1/12/2022,Excepción,151,0.885333746,0.794280018,0.991153092,151,0,639
diciembre de 2021,Cauca,Puracé,1/12/2021,Poblacion,0,0.875302817,0.893676701,0.990307386,17779.36022,17779,640
diciembre de 2022,Cauca,Rosas,1/12/2022,Contributivo,651,0.885333746,0.794280018,0.991153092,651,0,641
diciembre de 2021,Cauca,Rosas,1/12/2021,Subsidiado,8446,0.875302817,0.800006343,0.990307386,8446,0,642
diciembre de 2021,Cauca,Rosas,1/12/2021,Sisben II,0,0.875302817,0.800006343,0.990307386,4,0,643
diciembre de 2021,Cauca,Rosas,1/12/2021,Sisben I,0,0.875302817,0.800006343,0.990307386,9,0,644
diciembre de 2021,Cauca,Rosas,1/12/2021,PPNA,0,0.875302817,0.800006343,0.990307386,865,0,645
diciembre de 2021,Cauca,Rosas,1/12/2021,Excepción,149,0.875302817,0.800006343,0.990307386,149,0,646
diciembre de 2021,Cauca,Rosas,1/12/2021,Contributivo,747,0.875302817,0.800006343,0.990307386,747,0,647
diciembre de 2022,Cauca,Padilla,1/12/2022,Excepción,41,0.885333746,0.702090409,0.991153092,41,0,648
diciembre de 2020,Cauca,Rosas,1/12/2020,Subsidiado,8474,0.862884348,0.800869498,0.977813594,8474,0,649
diciembre de 2020,Cauca,Rosas,1/12/2020,Sisben II,0,0.862884348,0.800869498,0.977813594,0,0,650
diciembre de 2020,Cauca,Rosas,1/12/2020,Sisben I,0,0.862884348,0.800869498,0.977813594,0,0,651
diciembre de 2020,Cauca,Rosas,1/12/2020,PPNA,0,0.862884348,0.800869498,0.977813594,0,0,652
diciembre de 2020,Cauca,Rosas,1/12/2020,Excepción,148,0.862884348,0.800869498,0.977813594,148,0,653
diciembre de 2020,Cauca,Rosas,1/12/2020,Contributivo,656,0.862884348,0.800869498,0.977813594,656,0,654
diciembre de 2020,Cauca,San Sebastián,1/12/2020,Subsidiado,8158,0.862884348,0.783456536,0.977813594,8158,0,655
diciembre de 2022,Cauca,Rosas,1/12/2022,Poblacion,0,0.885333746,0.794280018,0.991153092,11770.40815,11770,656
diciembre de 2020,Cauca,San Sebastián,1/12/2020,Sisben II,0,0.862884348,0.783456536,0.977813594,0,0,657
diciembre de 2020,Cauca,San Sebastián,1/12/2020,Sisben I,0,0.862884348,0.783456536,0.977813594,0,0,658
diciembre de 2020,Cauca,San Sebastián,1/12/2020,PPNA,0,0.862884348,0.783456536,0.977813594,0,0,659
diciembre de 2020,Cauca,San Sebastián,1/12/2020,Excepción,141,0.862884348,0.783456536,0.977813594,141,0,660
diciembre de 2020,Cauca,San Sebastián,1/12/2020,Contributivo,402,0.862884348,0.783456536,0.977813594,402,0,661
diciembre de 2021,Cauca,San Sebastián,1/12/2021,Subsidiado,8100,0.875302817,0.772171003,0.990307386,8100,0,662
diciembre de 2021,Cauca,Rosas,1/12/2021,Poblacion,0,0.875302817,0.800006343,0.990307386,11677.40742,11677,663
diciembre de 2021,Cauca,San Sebastián,1/12/2021,Sisben II,0,0.875302817,0.772171003,0.990307386,2,0,664
diciembre de 2021,Cauca,San Sebastián,1/12/2021,Sisben I,0,0.875302817,0.772171003,0.990307386,5,0,665
diciembre de 2021,Cauca,San Sebastián,1/12/2021,PPNA,0,0.875302817,0.772171003,0.990307386,349,0,666
diciembre de 2021,Cauca,San Sebastián,1/12/2021,Excepción,143,0.875302817,0.772171003,0.990307386,143,0,667
diciembre de 2021,Cauca,San Sebastián,1/12/2021,Contributivo,401,0.875302817,0.772171003,0.990307386,401,0,668
diciembre de 2022,Cauca,San Sebastián,1/12/2022,Subsidiado,7962,0.885333746,0.748621057,0.991153092,7962,0,669
diciembre de 2020,Cauca,Rosas,1/12/2020,Poblacion,0,0.862884348,0.800869498,0.977813594,11584.90867,11585,670
diciembre de 2022,Cauca,San Sebastián,1/12/2022,Sisben II,0,0.885333746,0.748621057,0.991153092,2,0,671
diciembre de 2022,Cauca,San Sebastián,1/12/2022,Sisben I,0,0.885333746,0.748621057,0.991153092,0,0,672
diciembre de 2022,Cauca,San Sebastián,1/12/2022,PPNA,0,0.885333746,0.748621057,0.991153092,3350,0,673
diciembre de 2022,Cauca,San Sebastián,1/12/2022,NOPPNA,0,0.885333746,0.748621057,0.991153092,0,0,674
diciembre de 2022,Cauca,San Sebastián,1/12/2022,Excepción,142,0.885333746,0.748621057,0.991153092,142,0,675
diciembre de 2022,Cauca,San Sebastián,1/12/2022,Contributivo,343,0.885333746,0.748621057,0.991153092,343,0,676
diciembre de 2022,Cauca,Santa Rosa,1/12/2022,Subsidiado,3252,0.885333746,0.659630135,0.991153092,3252,0,677
diciembre de 2020,Cauca,San Sebastián,1/12/2020,Poblacion,0,0.862884348,0.783456536,0.977813594,11105.91284,11106,678
diciembre de 2022,Cauca,Santa Rosa,1/12/2022,Sisben II,0,0.885333746,0.659630135,0.991153092,2,0,679
diciembre de 2022,Cauca,Santa Rosa,1/12/2022,Sisben I,0,0.885333746,0.659630135,0.991153092,0,0,680
diciembre de 2022,Cauca,Santa Rosa,1/12/2022,PPNA,0,0.885333746,0.659630135,0.991153092,564,0,681
diciembre de 2022,Cauca,Santa Rosa,1/12/2022,NOPPNA,0,0.885333746,0.659630135,0.991153092,0,0,682
diciembre de 2022,Cauca,Santa Rosa,1/12/2022,Excepción,84,0.885333746,0.659630135,0.991153092,84,0,683
diciembre de 2022,Cauca,Santa Rosa,1/12/2022,Contributivo,286,0.885333746,0.659630135,0.991153092,286,0,684
diciembre de 2021,Cauca,San Sebastián,1/12/2021,Poblacion,0,0.875302817,0.772171003,0.990307386,11194.41155,11194,685
diciembre de 2020,Cauca,Santa Rosa,1/12/2020,Subsidiado,3219,0.862884348,0.650389086,0.977813594,3219,0,686
diciembre de 2020,Cauca,Santa Rosa,1/12/2020,Sisben II,0,0.862884348,0.650389086,0.977813594,0,0,687
diciembre de 2020,Cauca,Santa Rosa,1/12/2020,Sisben I,0,0.862884348,0.650389086,0.977813594,0,0,688
diciembre de 2020,Cauca,Santa Rosa,1/12/2020,PPNA,0,0.862884348,0.650389086,0.977813594,0,0,689
diciembre de 2020,Cauca,Santa Rosa,1/12/2020,Excepción,77,0.862884348,0.650389086,0.977813594,77,0,690
diciembre de 2020,Cauca,Santa Rosa,1/12/2020,Contributivo,219,0.862884348,0.650389086,0.977813594,219,0,691
diciembre de 2022,Cauca,San Sebastián,1/12/2022,Poblacion,0,0.885333746,0.748621057,0.991153092,11283.41225,11283,692
diciembre de 2021,Cauca,Santa Rosa,1/12/2021,Subsidiado,3230,0.875302817,0.658839459,0.990307386,3230,0,693
diciembre de 2021,Cauca,Santa Rosa,1/12/2021,Sisben II,0,0.875302817,0.658839459,0.990307386,1,0,694
diciembre de 2021,Cauca,Santa Rosa,1/12/2021,Sisben I,0,0.875302817,0.658839459,0.990307386,4,0,695
diciembre de 2021,Cauca,Santa Rosa,1/12/2021,PPNA,0,0.875302817,0.658839459,0.990307386,264,0,696
diciembre de 2021,Cauca,Santa Rosa,1/12/2021,Excepción,76,0.875302817,0.658839459,0.990307386,76,0,697
diciembre de 2021,Cauca,Santa Rosa,1/12/2021,Contributivo,283,0.875302817,0.658839459,0.990307386,283,0,698
diciembre de 2022,Cauca,Santa Rosa,1/12/2022,Poblacion,0,0.885333746,0.659630135,0.991153092,5490.955928,5491,699
diciembre de 2020,Cauca,Santander De Quilichao,1/12/2020,Subsidiado,67289,0.862884348,0.943707531,0.977813594,67289,0,700
diciembre de 2020,Cauca,Santander De Quilichao,1/12/2020,Sisben II,0,0.862884348,0.943707531,0.977813594,0,0,701
diciembre de 2020,Cauca,Santander De Quilichao,1/12/2020,Sisben I,0,0.862884348,0.943707531,0.977813594,0,0,702
diciembre de 2020,Cauca,Santander De Quilichao,1/12/2020,PPNA,0,0.862884348,0.943707531,0.977813594,0,0,703
diciembre de 2020,Cauca,Santander De Quilichao,1/12/2020,Excepción,2236,0.862884348,0.943707531,0.977813594,2236,0,704
diciembre de 2020,Cauca,Santander De Quilichao,1/12/2020,Contributivo,37550,0.862884348,0.943707531,0.977813594,37550,0,705
diciembre de 2020,Cauca,Santa Rosa,1/12/2020,Poblacion,0,0.862884348,0.650389086,0.977813594,5404.457235,5404,706
diciembre de 2021,Cauca,Santander De Quilichao,1/12/2021,Subsidiado,67763,0.875302817,0.960791266,0.990307386,67763,0,707
diciembre de 2021,Cauca,Santander De Quilichao,1/12/2021,Sisben II,0,0.875302817,0.960791266,0.990307386,71,0,708
diciembre de 2021,Cauca,Santander De Quilichao,1/12/2021,Sisben I,0,0.875302817,0.960791266,0.990307386,1048,0,709
diciembre de 2021,Cauca,Santa Rosa,1/12/2021,Poblacion,0,0.875302817,0.658839459,0.990307386,5447.457572,5447,710
diciembre de 2021,Cauca,Santander De Quilichao,1/12/2021,PPNA,0,0.875302817,0.960791266,0.990307386,11394,0,711
diciembre de 2021,Cauca,Santander De Quilichao,1/12/2021,Excepción,2440,0.875302817,0.960791266,0.990307386,2440,0,712
diciembre de 2021,Cauca,Santander De Quilichao,1/12/2021,Contributivo,39690,0.875302817,0.960791266,0.990307386,39690,0,713
diciembre de 2020,Cauca,Santander De Quilichao,1/12/2020,Poblacion,0,0.862884348,0.943707531,0.977813594,113462.0594,113462,714
diciembre de 2022,Cauca,Santander De Quilichao,1/12/2022,Subsidiado,74869,0.885333746,0.997808991,0.991153092,74869,0,715
diciembre de 2022,Cauca,Santander De Quilichao,1/12/2022,Sisben II,0,0.885333746,0.997808991,0.991153092,74,0,716
diciembre de 2022,Cauca,Santander De Quilichao,1/12/2022,Sisben I,0,0.885333746,0.997808991,0.991153092,0,0,717
diciembre de 2022,Cauca,Santander De Quilichao,1/12/2022,PPNA,0,0.885333746,0.997808991,0.991153092,28972,0,718
diciembre de 2022,Cauca,Santander De Quilichao,1/12/2022,NOPPNA,0,0.885333746,0.997808991,0.991153092,1,0,719
diciembre de 2022,Cauca,Santander De Quilichao,1/12/2022,Excepción,2451,0.885333746,0.997808991,0.991153092,2451,0,720
diciembre de 2022,Cauca,Santander De Quilichao,1/12/2022,Contributivo,37715,0.885333746,0.997808991,0.991153092,37715,0,721
diciembre de 2021,Cauca,Santander De Quilichao,1/12/2021,Poblacion,0,0.875302817,0.960791266,0.990307386,114377.601,114378,722
diciembre de 2021,Cauca,Silvia,1/12/2021,Subsidiado,32243,0.875302817,0.900803947,0.990307386,32243,0,723
diciembre de 2021,Cauca,Silvia,1/12/2021,Sisben II,0,0.875302817,0.900803947,0.990307386,12,0,724
diciembre de 2021,Cauca,Silvia,1/12/2021,Sisben I,0,0.875302817,0.900803947,0.990307386,59,0,725
diciembre de 2021,Cauca,Silvia,1/12/2021,PPNA,0,0.875302817,0.900803947,0.990307386,631,0,726
diciembre de 2021,Cauca,Silvia,1/12/2021,Excepción,470,0.875302817,0.900803947,0.990307386,470,0,727
diciembre de 2021,Cauca,Silvia,1/12/2021,Contributivo,1992,0.875302817,0.900803947,0.990307386,1992,0,728
diciembre de 2020,Cauca,Silvia,1/12/2020,Subsidiado,32181,0.862884348,0.897583211,0.977813594,32181,0,729
diciembre de 2022,Cauca,Miranda,1/12/2022,Contributivo,8858,0.885333746,0.804521825,0.991153092,8858,0,730
diciembre de 2020,Cauca,Silvia,1/12/2020,Sisben II,0,0.862884348,0.897583211,0.977813594,0,0,731
diciembre de 2020,Cauca,Silvia,1/12/2020,Sisben I,0,0.862884348,0.897583211,0.977813594,0,0,732
diciembre de 2020,Cauca,Silvia,1/12/2020,PPNA,0,0.862884348,0.897583211,0.977813594,0,0,733
diciembre de 2020,Cauca,Silvia,1/12/2020,Excepción,438,0.862884348,0.897583211,0.977813594,438,0,734
diciembre de 2020,Cauca,Silvia,1/12/2020,Contributivo,1685,0.862884348,0.897583211,0.977813594,1685,0,735
diciembre de 2022,Cauca,Silvia,1/12/2022,Subsidiado,31517,0.885333746,0.875977333,0.991153092,31517,0,736
diciembre de 2022,Cauca,Santander De Quilichao,1/12/2022,Poblacion,0,0.885333746,0.997808991,0.991153092,115287.5962,115288,737
diciembre de 2022,Cauca,Silvia,1/12/2022,Sisben II,0,0.885333746,0.875977333,0.991153092,22,0,738
diciembre de 2022,Cauca,Silvia,1/12/2022,Sisben I,0,0.885333746,0.875977333,0.991153092,0,0,739
diciembre de 2022,Cauca,Silvia,1/12/2022,PPNA,0,0.885333746,0.875977333,0.991153092,27602,0,740
diciembre de 2022,Cauca,Silvia,1/12/2022,NOPPNA,0,0.885333746,0.875977333,0.991153092,1,0,741
diciembre de 2022,Cauca,Silvia,1/12/2022,Excepción,470,0.885333746,0.875977333,0.991153092,470,0,742
diciembre de 2022,Cauca,Silvia,1/12/2022,Contributivo,2030,0.885333746,0.875977333,0.991153092,2030,0,743
diciembre de 2020,Cauca,Toribío,1/12/2020,Subsidiado,30646,0.862884348,0.867204017,0.977813594,30646,0,744
diciembre de 2020,Cauca,Sin identificar,1/12/2020,Subsidiado,0,0.862884348,,0.977813594,0,0,745
diciembre de 2020,Cauca,Sin identificar,1/12/2020,Sisben II,0,0.862884348,,0.977813594,0,0,746
diciembre de 2020,Cauca,Sin identificar,1/12/2020,Sisben I,0,0.862884348,,0.977813594,0,0,747
diciembre de 2021,Cauca,Silvia,1/12/2021,Poblacion,0,0.875302817,0.900803947,0.990307386,38526.6962,38527,748
diciembre de 2020,Cauca,Sin identificar,1/12/2020,PPNA,0,0.862884348,,0.977813594,0,0,749
diciembre de 2020,Cauca,Sin identificar,1/12/2020,Excepción,0,0.862884348,,0.977813594,0,0,750
diciembre de 2022,Cauca,Corinto,1/12/2022,Contributivo,4195,0.885333746,1,0.991153092,4195,0,751
diciembre de 2020,Cauca,Sin identificar,1/12/2020,Contributivo,0,0.862884348,,0.977813594,0,0,752
diciembre de 2022,Cauca,Sin identificar,1/12/2022,Subsidiado,0,0.885333746,,0.991153092,0,0,753
diciembre de 2022,Cauca,Sin identificar,1/12/2022,Sisben II,0,0.885333746,,0.991153092,0,0,754
diciembre de 2022,Cauca,Sin identificar,1/12/2022,Sisben I,0,0.885333746,,0.991153092,0,0,755
diciembre de 2020,Cauca,Silvia,1/12/2020,Poblacion,0,0.862884348,0.897583211,0.977813594,38218.18366,38218,756
diciembre de 2022,Cauca,Sin identificar,1/12/2022,PPNA,0,0.885333746,,0.991153092,0,0,757
diciembre de 2022,Cauca,Silvia,1/12/2022,Poblacion,0,0.885333746,0.875977333,0.991153092,38833.19662,38833,758
diciembre de 2022,Cauca,Sin identificar,1/12/2022,NOPPNA,0,0.885333746,,0.991153092,0,0,759
diciembre de 2022,Cauca,Sin identificar,1/12/2022,Excepción,0,0.885333746,,0.991153092,0,0,760
diciembre de 2022,Cauca,Sin identificar,1/12/2022,Contributivo,0,0.885333746,,0.991153092,0,0,761
diciembre de 2021,Cauca,Sin identificar,1/12/2021,Subsidiado,0,0.875302817,,0.990307386,0,0,762
diciembre de 2021,Cauca,Sin identificar,1/12/2021,Sisben II,0,0.875302817,,0.990307386,0,0,763
diciembre de 2021,Cauca,Sin identificar,1/12/2021,Sisben I,0,0.875302817,,0.990307386,0,0,764
diciembre de 2020,Cauca,Sin identificar,1/12/2020,Poblacion,0,0.862884348,,0.977813594,0,0,765
diciembre de 2022,Cauca,Sin identificar,1/12/2022,Poblacion,0,0.885333746,,0.991153092,0,0,766
diciembre de 2021,Cauca,Sin identificar,1/12/2021,PPNA,0,0.875302817,,0.990307386,0,0,767
diciembre de 2021,Cauca,Sin identificar,1/12/2021,Excepción,0,0.875302817,,0.990307386,0,0,768
diciembre de 2021,Cauca,Sin identificar,1/12/2021,Contributivo,0,0.875302817,,0.990307386,0,0,769
diciembre de 2020,Cauca,Sotara,1/12/2020,Subsidiado,9405,0.862884348,0.700173994,0.977813594,9405,0,770
diciembre de 2020,Cauca,Sotara,1/12/2020,Sisben II,0,0.862884348,0.700173994,0.977813594,0,0,771
diciembre de 2020,Cauca,Sotara,1/12/2020,Sisben I,0,0.862884348,0.700173994,0.977813594,0,0,772
diciembre de 2021,Cauca,Sin identificar,1/12/2021,Poblacion,0,0.875302817,,0.990307386,0,0,773
diciembre de 2020,Cauca,Sotara,1/12/2020,PPNA,0,0.862884348,0.700173994,0.977813594,0,0,774
diciembre de 2020,Cauca,Sotara,1/12/2020,Excepción,70,0.862884348,0.700173994,0.977813594,70,0,775
diciembre de 2020,Cauca,Sotara,1/12/2020,Contributivo,515,0.862884348,0.700173994,0.977813594,515,0,776
diciembre de 2021,Cauca,Sotara,1/12/2021,Subsidiado,9238,0.875302817,0.689221848,0.990307386,9238,0,777
diciembre de 2021,Cauca,Sotara,1/12/2021,Sisben II,0,0.875302817,0.689221848,0.990307386,16,0,778
diciembre de 2021,Cauca,Sotara,1/12/2021,Sisben I,0,0.875302817,0.689221848,0.990307386,5,0,779
diciembre de 2021,Cauca,Sotara,1/12/2021,PPNA,0,0.875302817,0.689221848,0.990307386,805,0,780
diciembre de 2020,Cauca,Sotara,1/12/2020,Poblacion,0,0.862884348,0.700173994,0.977813594,14267.88211,14268,781
diciembre de 2021,Cauca,Sotara,1/12/2021,Excepción,71,0.875302817,0.689221848,0.990307386,71,0,782
diciembre de 2021,Cauca,Sotara,1/12/2021,Contributivo,604,0.875302817,0.689221848,0.990307386,604,0,783
diciembre de 2022,Cauca,Sotara,1/12/2022,Subsidiado,9118,0.885333746,0.668327381,0.991153092,9118,0,784
diciembre de 2022,Cauca,Sotara,1/12/2022,Sisben II,0,0.885333746,0.668327381,0.991153092,4,0,785
diciembre de 2022,Cauca,Sotara,1/12/2022,Sisben I,0,0.885333746,0.668327381,0.991153092,0,0,786
diciembre de 2022,Cauca,Sotara,1/12/2022,PPNA,0,0.885333746,0.668327381,0.991153092,3876,0,787
diciembre de 2021,Cauca,Sotara,1/12/2021,Poblacion,0,0.875302817,0.689221848,0.990307386,14382.88705,14383,788
diciembre de 2022,Cauca,Sotara,1/12/2022,NOPPNA,0,0.885333746,0.668327381,0.991153092,1,0,789
diciembre de 2022,Cauca,Sotara,1/12/2022,Excepción,70,0.885333746,0.668327381,0.991153092,70,0,790
diciembre de 2022,Cauca,Sotara,1/12/2022,Contributivo,501,0.885333746,0.668327381,0.991153092,501,0,791
diciembre de 2020,Cauca,Suárez,1/12/2020,Sisben II,0,0.862884348,0.57641557,0.977813594,0,0,792
diciembre de 2020,Cauca,Suárez,1/12/2020,Sisben I,0,0.862884348,0.57641557,0.977813594,0,0,793
diciembre de 2020,Cauca,Suárez,1/12/2020,PPNA,0,0.862884348,0.57641557,0.977813594,0,0,794
diciembre de 2020,Cauca,Suárez,1/12/2020,Excepción,174,0.862884348,0.57641557,0.977813594,174,0,795
diciembre de 2022,Cauca,Sotara,1/12/2022,Poblacion,0,0.885333746,0.668327381,0.991153092,14497.38597,14497,796
diciembre de 2020,Cauca,Suárez,1/12/2020,Contributivo,1000,0.862884348,0.57641557,0.977813594,1000,0,797
diciembre de 2020,Cauca,Suárez,1/12/2020,Poblacion,0,0.862884348,0.57641557,0.977813594,32658.72919,32659,798
diciembre de 2021,Cauca,Suárez,1/12/2021,Subsidiado,18236,0.875302817,0.593094492,0.990307386,18236,0,799
diciembre de 2021,Cauca,Suárez,1/12/2021,Sisben II,0,0.875302817,0.593094492,0.990307386,23,0,800
diciembre de 2021,Cauca,Suárez,1/12/2021,Sisben I,0,0.875302817,0.593094492,0.990307386,16,0,801
diciembre de 2021,Cauca,Suárez,1/12/2021,PPNA,0,0.875302817,0.593094492,0.990307386,1602,0,802
diciembre de 2021,Cauca,Suárez,1/12/2021,Poblacion,0,0.875302817,0.593094492,0.990307386,32922.24136,32922,803
diciembre de 2021,Cauca,Suárez,1/12/2021,Excepción,180,0.875302817,0.593094492,0.990307386,180,0,804
diciembre de 2021,Cauca,Suárez,1/12/2021,Contributivo,1110,0.875302817,0.593094492,0.990307386,1110,0,805
diciembre de 2022,Cauca,Suárez,1/12/2022,Subsidiado,19420,0.885333746,0.619209611,0.991153092,19420,0,806
diciembre de 2022,Cauca,Suárez,1/12/2022,Sisben II,0,0.885333746,0.619209611,0.991153092,11,0,807
diciembre de 2022,Cauca,Suárez,1/12/2022,Sisben I,0,0.885333746,0.619209611,0.991153092,0,0,808
diciembre de 2022,Cauca,Suárez,1/12/2022,PPNA,0,0.885333746,0.619209611,0.991153092,6402,0,809
diciembre de 2022,Cauca,Suárez,1/12/2022,NOPPNA,0,0.885333746,0.619209611,0.991153092,0,0,810
diciembre de 2022,Cauca,Suárez,1/12/2022,Poblacion,0,0.885333746,0.619209611,0.991153092,33184.23945,33184,811
diciembre de 2022,Cauca,Suárez,1/12/2022,Excepción,198,0.885333746,0.619209611,0.991153092,198,0,812
diciembre de 2022,Cauca,Suárez,1/12/2022,Contributivo,930,0.885333746,0.619209611,0.991153092,930,0,813
diciembre de 2020,Cauca,Sucre,1/12/2020,Subsidiado,6522,0.862884348,0.703616062,0.977813594,6522,0,814
diciembre de 2020,Cauca,Sucre,1/12/2020,Sisben II,0,0.862884348,0.703616062,0.977813594,0,0,815
diciembre de 2020,Cauca,Sucre,1/12/2020,Sisben I,0,0.862884348,0.703616062,0.977813594,0,0,816
diciembre de 2020,Cauca,Sucre,1/12/2020,PPNA,0,0.862884348,0.703616062,0.977813594,0,0,817
diciembre de 2020,Cauca,Sucre,1/12/2020,Excepción,52,0.862884348,0.703616062,0.977813594,52,0,818
diciembre de 2020,Cauca,Sucre,1/12/2020,Poblacion,0,0.862884348,0.703616062,0.977813594,9708.419645,9708,819
diciembre de 2020,Cauca,Sucre,1/12/2020,Contributivo,257,0.862884348,0.703616062,0.977813594,257,0,820
diciembre de 2021,Cauca,Sucre,1/12/2021,Subsidiado,6577,0.875302817,0.709926961,0.990307386,6577,0,821
diciembre de 2021,Cauca,Sucre,1/12/2021,Sisben II,0,0.875302817,0.709926961,0.990307386,0,0,822
diciembre de 2021,Cauca,Sucre,1/12/2021,Sisben I,0,0.875302817,0.709926961,0.990307386,7,0,823
diciembre de 2021,Cauca,Sucre,1/12/2021,PPNA,0,0.875302817,0.709926961,0.990307386,647,0,824
diciembre de 2021,Cauca,Sucre,1/12/2021,Excepción,62,0.875302817,0.709926961,0.990307386,62,0,825
diciembre de 2021,Cauca,Sucre,1/12/2021,Poblacion,0,0.875302817,0.709926961,0.990307386,9786.922295,9787,826
diciembre de 2021,Cauca,Sucre,1/12/2021,Contributivo,309,0.875302817,0.709926961,0.990307386,309,0,827
diciembre de 2022,Cauca,Sucre,1/12/2022,Subsidiado,6648,0.885333746,0.708267065,0.991153092,6648,0,828
diciembre de 2022,Cauca,Sucre,1/12/2022,Sisben II,0,0.885333746,0.708267065,0.991153092,0,0,829
diciembre de 2022,Cauca,Sucre,1/12/2022,Sisben I,0,0.885333746,0.708267065,0.991153092,0,0,830
diciembre de 2022,Cauca,Sucre,1/12/2022,PPNA,0,0.885333746,0.708267065,0.991153092,750,0,831
diciembre de 2022,Cauca,Sucre,1/12/2022,NOPPNA,0,0.885333746,0.708267065,0.991153092,0,0,832
diciembre de 2022,Cauca,Puerto Tejada,1/12/2022,Contributivo,28650,0.885333746,1,0.991153092,28650,0,833
diciembre de 2022,Cauca,Sucre,1/12/2022,Excepción,64,0.885333746,0.708267065,0.991153092,64,0,834
diciembre de 2022,Cauca,Sucre,1/12/2022,Contributivo,275,0.885333746,0.708267065,0.991153092,275,0,835
diciembre de 2021,Cauca,Timbío,1/12/2021,Subsidiado,25982,0.875302817,0.820627466,0.990307386,25982,0,836
diciembre de 2021,Cauca,Timbío,1/12/2021,Sisben II,0,0.875302817,0.820627466,0.990307386,19,0,837
diciembre de 2021,Cauca,Timbío,1/12/2021,Sisben I,0,0.875302817,0.820627466,0.990307386,47,0,838
diciembre de 2021,Cauca,Timbío,1/12/2021,PPNA,0,0.875302817,0.820627466,0.990307386,3040,0,839
diciembre de 2022,Cauca,Sucre,1/12/2022,Poblacion,0,0.885333746,0.708267065,0.991153092,9864.922909,9865,840
diciembre de 2021,Cauca,Timbío,1/12/2021,Excepción,358,0.875302817,0.820627466,0.990307386,358,0,841
diciembre de 2021,Cauca,Timbío,1/12/2021,Contributivo,3801,0.875302817,0.820627466,0.990307386,3801,0,842
diciembre de 2020,Cauca,Timbío,1/12/2020,Subsidiado,25615,0.862884348,0.808092233,0.977813594,25615,0,843
diciembre de 2020,Cauca,Timbío,1/12/2020,Sisben II,0,0.862884348,0.808092233,0.977813594,0,0,844
diciembre de 2020,Cauca,Timbío,1/12/2020,Sisben I,0,0.862884348,0.808092233,0.977813594,0,0,845
diciembre de 2020,Cauca,Timbío,1/12/2020,PPNA,0,0.862884348,0.808092233,0.977813594,0,0,846
diciembre de 2021,Cauca,Timbío,1/12/2021,Poblacion,0,0.875302817,0.820627466,0.990307386,36729.21181,36729,847
diciembre de 2020,Cauca,Timbío,1/12/2020,Excepción,312,0.862884348,0.808092233,0.977813594,312,0,848
diciembre de 2020,Cauca,Timbío,1/12/2020,Contributivo,3516,0.862884348,0.808092233,0.977813594,3516,0,849
diciembre de 2022,Cauca,Timbío,1/12/2022,Subsidiado,26433,0.885333746,0.823852054,0.991153092,26433,0,850
diciembre de 2022,Cauca,Timbío,1/12/2022,Sisben II,0,0.885333746,0.823852054,0.991153092,13,0,851
diciembre de 2022,Cauca,Timbío,1/12/2022,Sisben I,0,0.885333746,0.823852054,0.991153092,0,0,852
diciembre de 2022,Cauca,Timbío,1/12/2022,PPNA,0,0.885333746,0.823852054,0.991153092,4092,0,853
diciembre de 2022,Cauca,Timbío,1/12/2022,NOPPNA,0,0.885333746,0.823852054,0.991153092,1,0,854
diciembre de 2020,Cauca,Timbío,1/12/2020,Poblacion,0,0.862884348,0.808092233,0.977813594,36435.19738,36435,855
diciembre de 2022,Cauca,Timbío,1/12/2022,Excepción,350,0.885333746,0.823852054,0.991153092,350,0,856
diciembre de 2022,Cauca,Timbío,1/12/2022,Contributivo,3717,0.885333746,0.823852054,0.991153092,3717,0,857
diciembre de 2022,Cauca,Timbiquí,1/12/2022,Subsidiado,20831,0.885333746,0.811558923,0.991153092,20831,0,858
diciembre de 2022,Cauca,Timbiquí,1/12/2022,Sisben II,0,0.885333746,0.811558923,0.991153092,7,0,859
diciembre de 2022,Cauca,Timbiquí,1/12/2022,Sisben I,0,0.885333746,0.811558923,0.991153092,0,0,860
diciembre de 2022,Cauca,Timbiquí,1/12/2022,PPNA,0,0.885333746,0.811558923,0.991153092,8236,0,861
diciembre de 2022,Cauca,Timbío,1/12/2022,Poblacion,0,0.885333746,0.823852054,0.991153092,37021.21014,37021,862
diciembre de 2022,Cauca,Timbiquí,1/12/2022,NOPPNA,0,0.885333746,0.811558923,0.991153092,0,0,863
diciembre de 2022,Cauca,Timbiquí,1/12/2022,Excepción,356,0.885333746,0.811558923,0.991153092,356,0,864
diciembre de 2022,Cauca,Timbiquí,1/12/2022,Contributivo,843,0.885333746,0.811558923,0.991153092,843,0,865
diciembre de 2021,Cauca,Timbiquí,1/12/2021,Subsidiado,21253,0.875302817,0.832875758,0.990307386,21253,0,866
diciembre de 2021,Cauca,Timbiquí,1/12/2021,Sisben II,0,0.875302817,0.832875758,0.990307386,22,0,867
diciembre de 2021,Cauca,Timbiquí,1/12/2021,Sisben I,0,0.875302817,0.832875758,0.990307386,21,0,868
diciembre de 2021,Cauca,Timbiquí,1/12/2021,PPNA,0,0.875302817,0.832875758,0.990307386,2688,0,869
diciembre de 2022,Cauca,Timbiquí,1/12/2022,Poblacion,0,0.885333746,0.811558923,0.991153092,27145.28714,27145,870
diciembre de 2021,Cauca,Timbiquí,1/12/2021,Excepción,352,0.875302817,0.832875758,0.990307386,352,0,871
diciembre de 2021,Cauca,Timbiquí,1/12/2021,Contributivo,825,0.875302817,0.832875758,0.990307386,825,0,872
diciembre de 2020,Cauca,Timbiquí,1/12/2020,Subsidiado,20212,0.862884348,0.79415227,0.977813594,20212,0,873
diciembre de 2020,Cauca,Timbiquí,1/12/2020,Sisben II,0,0.862884348,0.79415227,0.977813594,0,0,874
diciembre de 2020,Cauca,Timbiquí,1/12/2020,Sisben I,0,0.862884348,0.79415227,0.977813594,0,0,875
diciembre de 2020,Cauca,Timbiquí,1/12/2020,PPNA,0,0.862884348,0.79415227,0.977813594,0,0,876
diciembre de 2020,Cauca,Timbiquí,1/12/2020,Excepción,343,0.862884348,0.79415227,0.977813594,343,0,877
diciembre de 2022,Cauca,Popayán,1/12/2022,Contributivo,150795,0.885333746,0.994018033,0.991153092,150795,0,878
diciembre de 2020,Cauca,Timbiquí,1/12/2020,Contributivo,661,0.862884348,0.79415227,0.977813594,661,0,879
diciembre de 2020,Cauca,Toribío,1/12/2020,Sisben II,0,0.862884348,0.867204017,0.977813594,0,0,880
diciembre de 2020,Cauca,Toribío,1/12/2020,Sisben I,0,0.862884348,0.867204017,0.977813594,0,0,881
diciembre de 2020,Cauca,Toribío,1/12/2020,PPNA,0,0.862884348,0.867204017,0.977813594,0,0,882
diciembre de 2020,Cauca,Toribío,1/12/2020,Excepción,261,0.862884348,0.867204017,0.977813594,261,0,883
diciembre de 2020,Cauca,Toribío,1/12/2020,Contributivo,1044,0.862884348,0.867204017,0.977813594,1044,0,884
diciembre de 2021,Cauca,Timbiquí,1/12/2021,Poblacion,0,0.875302817,0.832875758,0.990307386,26930.78744,26931,885
diciembre de 2020,Cauca,Timbiquí,1/12/2020,Poblacion,0,0.862884348,0.79415227,0.977813594,26715.27967,26715,886
diciembre de 2021,Cauca,Toribío,1/12/2021,Subsidiado,31160,0.875302817,0.878835195,0.990307386,31160,0,887
diciembre de 2021,Cauca,Toribío,1/12/2021,Sisben II,0,0.875302817,0.878835195,0.990307386,1,0,888
diciembre de 2021,Cauca,Toribío,1/12/2021,Sisben I,0,0.875302817,0.878835195,0.990307386,21,0,889
diciembre de 2021,Cauca,Toribío,1/12/2021,PPNA,0,0.875302817,0.878835195,0.990307386,113,0,890
diciembre de 2021,Cauca,Toribío,1/12/2021,Excepción,297,0.875302817,0.878835195,0.990307386,297,0,891
diciembre de 2021,Cauca,Toribío,1/12/2021,Contributivo,1184,0.875302817,0.878835195,0.990307386,1184,0,892
diciembre de 2020,Cauca,Toribío,1/12/2020,Poblacion,0,0.862884348,0.867204017,0.977813594,36843.69466,36844,893
diciembre de 2022,Cauca,Toribío,1/12/2022,Subsidiado,31909,0.885333746,0.888512967,0.991153092,31909,0,894
diciembre de 2022,Cauca,Toribío,1/12/2022,Sisben II,0,0.885333746,0.888512967,0.991153092,30,0,895
diciembre de 2022,Cauca,Toribío,1/12/2022,Sisben I,0,0.885333746,0.888512967,0.991153092,0,0,896
diciembre de 2021,Cauca,Toribío,1/12/2021,Poblacion,0,0.875302817,0.878835195,0.990307386,37141.20712,37141,897
diciembre de 2022,Cauca,Toribío,1/12/2022,PPNA,0,0.885333746,0.888512967,0.991153092,30780,0,898
diciembre de 2022,Cauca,Toribío,1/12/2022,NOPPNA,0,0.885333746,0.888512967,0.991153092,0,0,899
diciembre de 2022,Cauca,Toribío,1/12/2022,Excepción,301,0.885333746,0.888512967,0.991153092,301,0,900
diciembre de 2022,Cauca,Toribío,1/12/2022,Poblacion,0,0.885333746,0.888512967,0.991153092,37436.70745,37437,901
diciembre de 2022,Cauca,Toribío,1/12/2022,Contributivo,1053,0.885333746,0.888512967,0.991153092,1053,0,902
diciembre de 2022,Cauca,Totoró,1/12/2022,Subsidiado,19074,0.885333746,0.771059033,0.991153092,19074,0,903
diciembre de 2022,Cauca,Totoró,1/12/2022,Sisben II,0,0.885333746,0.771059033,0.991153092,18,0,904
diciembre de 2022,Cauca,Totoró,1/12/2022,Sisben I,0,0.885333746,0.771059033,0.991153092,0,0,905
diciembre de 2022,Cauca,Totoró,1/12/2022,PPNA,0,0.885333746,0.771059033,0.991153092,16269,0,906
diciembre de 2022,Cauca,Totoró,1/12/2022,NOPPNA,0,0.885333746,0.771059033,0.991153092,0,0,907
diciembre de 2022,Cauca,Totoró,1/12/2022,Poblacion,0,0.885333746,0.771059033,0.991153092,26130.29502,26130,908
diciembre de 2022,Cauca,Totoró,1/12/2022,Excepción,125,0.885333746,0.771059033,0.991153092,125,0,909
diciembre de 2022,Cauca,Totoró,1/12/2022,Contributivo,949,0.885333746,0.771059033,0.991153092,949,0,910
diciembre de 2020,Cauca,Totoró,1/12/2020,Subsidiado,18552,0.862884348,0.762746173,0.977813594,18552,0,911
diciembre de 2020,Cauca,Totoró,1/12/2020,Sisben II,0,0.862884348,0.762746173,0.977813594,0,0,912
diciembre de 2020,Cauca,Totoró,1/12/2020,Sisben I,0,0.862884348,0.762746173,0.977813594,0,0,913
diciembre de 2020,Cauca,Totoró,1/12/2020,PPNA,0,0.862884348,0.762746173,0.977813594,0,0,914
diciembre de 2020,Cauca,Villa Rica,1/12/2020,Sisben II,0,0.862884348,0.635727871,0.977813594,0,0,915
diciembre de 2020,Cauca,Totoró,1/12/2020,Excepción,110,0.862884348,0.762746173,0.977813594,110,0,916
diciembre de 2020,Cauca,Totoró,1/12/2020,Contributivo,953,0.862884348,0.762746173,0.977813594,953,0,917
diciembre de 2021,Cauca,Totoró,1/12/2021,Subsidiado,18669,0.875302817,0.766708721,0.990307386,18669,0,918
diciembre de 2021,Cauca,Totoró,1/12/2021,Sisben II,0,0.875302817,0.766708721,0.990307386,21,0,919
diciembre de 2021,Cauca,Totoró,1/12/2021,Sisben I,0,0.875302817,0.766708721,0.990307386,38,0,920
diciembre de 2021,Cauca,Totoró,1/12/2021,PPNA,0,0.875302817,0.766708721,0.990307386,572,0,921
diciembre de 2020,Cauca,Totoró,1/12/2020,Poblacion,0,0.862884348,0.762746173,0.977813594,25716.28768,25716,922
diciembre de 2021,Cauca,Totoró,1/12/2021,Excepción,124,0.875302817,0.766708721,0.990307386,124,0,923
diciembre de 2021,Cauca,Totoró,1/12/2021,Contributivo,1083,0.875302817,0.766708721,0.990307386,1083,0,924
diciembre de 2020,Cauca,Villa Rica,1/12/2020,Sisben I,0,0.862884348,0.635727871,0.977813594,0,0,925
diciembre de 2020,Cauca,Villa Rica,1/12/2020,PPNA,0,0.862884348,0.635727871,0.977813594,0,0,926
diciembre de 2020,Cauca,Villa Rica,1/12/2020,Excepción,47,0.862884348,0.635727871,0.977813594,47,0,927
diciembre de 2020,Cauca,Villa Rica,1/12/2020,Contributivo,5335,0.862884348,0.635727871,0.977813594,5335,0,928
diciembre de 2021,Cauca,Totoró,1/12/2021,Poblacion,0,0.875302817,0.766708721,0.990307386,25923.79538,25924,929
diciembre de 2020,Cauca,Villa Rica,1/12/2020,Poblacion,0,0.862884348,0.635727871,0.977813594,21414.82328,21415,930
diciembre de 2021,Cauca,Villa Rica,1/12/2021,Subsidiado,8083,0.875302817,0.627205273,0.990307386,8083,0,931
diciembre de 2021,Cauca,Villa Rica,1/12/2021,Sisben II,0,0.875302817,0.627205273,0.990307386,15,0,932
diciembre de 2021,Cauca,Villa Rica,1/12/2021,Sisben I,0,0.875302817,0.627205273,0.990307386,44,0,933
diciembre de 2021,Cauca,Villa Rica,1/12/2021,PPNA,0,0.875302817,0.627205273,0.990307386,1308,0,934
diciembre de 2021,Cauca,Villa Rica,1/12/2021,Excepción,47,0.875302817,0.627205273,0.990307386,47,0,935
diciembre de 2021,Cauca,Villa Rica,1/12/2021,Poblacion,0,0.875302817,0.627205273,0.990307386,21587.8287,21588,936
diciembre de 2021,Cauca,Villa Rica,1/12/2021,Contributivo,5410,0.875302817,0.627205273,0.990307386,5410,0,937
diciembre de 2022,Cauca,Villa Rica,1/12/2022,Poblacion,0,0.885333746,0.663194518,0.991153092,21759.83005,21760,938
diciembre de 2022,Cauca,Villa Rica,1/12/2022,Subsidiado,9013,0.885333746,0.663194518,0.991153092,9013,0,939
diciembre de 2022,Cauca,Villa Rica,1/12/2022,Sisben II,0,0.885333746,0.663194518,0.991153092,25,0,940
diciembre de 2022,Cauca,Villa Rica,1/12/2022,Sisben I,0,0.885333746,0.663194518,0.991153092,0,0,941
diciembre de 2022,Cauca,Villa Rica,1/12/2022,PPNA,0,0.885333746,0.663194518,0.991153092,1510,0,942
diciembre de 2022,Cauca,Padilla,1/12/2022,Contributivo,1737,0.885333746,0.702090409,0.991153092,1737,0,943
diciembre de 2022,Cauca,Villa Rica,1/12/2022,NOPPNA,0,0.885333746,0.663194518,0.991153092,0,0,944
diciembre de 2022,Cauca,Villa Rica,1/12/2022,Excepción,49,0.885333746,0.663194518,0.991153092,49,0,945
diciembre de 2022,Cauca,Villa Rica,1/12/2022,Contributivo,5369,0.885333746,0.663194518,0.991153092,5369,0,946
